"date_litter","stage","weight","species","confidence"
"19/10/2009","12.5",109,"mus","yes"
"19/10/2009","12.5",110,"mus","yes"
"19/10/2009","12.5",109,"mus","yes"
"19/10/2009","12.5",110,"mus","yes"
"19/10/2009","12.5",107,"mus","yes"
"19/10/2009","12.5",100,"mus","yes"
"19/10/2009","12.5",100,"mus","yes"
"19/10/2009","12.5",105,"mus","yes"
"19/10/2009","12.5",106,"mus","yes"
"19/10/2009","12.5",86,"mus","yes"
"19/10/2009","12.5",119,"mus","yes"
"19/10/2009","12.5",93,"mus","yes"
"19/10/2009","12.5",90,"mus","yes"
"19/10/2009","12.5",92,"mus","yes"
"19/10/2009","12.5",71,"mus","yes"
"10/02/2009","12.5",104,"mus","yes"
"10/02/2009","12.5",108,"mus","yes"
"10/02/2009","12.5",101,"mus","yes"
"10/02/2009","12.5",108,"mus","yes"
"10/02/2009","12.5",104,"mus","yes"
"10/02/2009","12.5",101,"mus","yes"
"10/02/2009","12.5",105,"mus","yes"
"10/02/2009","12.5",94,"mus","yes"
"10/02/2009","12.5",95,"mus","yes"
"10/02/2009","12.5",97,"mus","yes"
"10/02/2009","12.5",92,"mus","yes"
"10/02/2009","12.5",92,"mus","yes"
"10/02/2009","12.5",89,"mus","yes"
"02/04/2008","12.5",113,"mus","yes"
"02/04/2008","12.5",116,"mus","yes"
"02/04/2008","12.5",112,"mus","yes"
"02/04/2008","12.5",114,"mus","yes"
"02/04/2008","12.5",110,"mus","yes"
"02/04/2008","12.5",109,"mus","yes"
"02/04/2008","12.5",122,"mus","yes"
"02/04/2008","12.5",126,"mus","yes"
"02/04/2008","12.5",89,"mus","yes"
"02/04/2008","12.5",86,"mus","yes"
"11/03/2008","12.5",88,"mus","yes"
"11/03/2008","12.5",80,"mus","yes"
"11/03/2008","12.5",85,"mus","yes"
"11/03/2008","12.5",80,"mus","yes"
"11/03/2008","12.5",110,"mus","yes"
"11/03/2008","12.5",103,"mus","yes"
"11/03/2008","12.5",104,"mus","yes"
"11/03/2008","12.5",103,"mus","yes"
"11/03/2008","12.5",98,"mus","yes"
"11/03/2008","12.5",97,"mus","yes"
"11/03/2008","12.5",97,"mus","yes"
"11/03/2008","12.5",98,"mus","yes"
"22/12/2009",13,120,"mus","yes"
"22/12/2009",13,126,"mus","yes"
"22/12/2009",13,126,"mus","yes"
"22/12/2009",13,125,"mus","yes"
"22/12/2009",13,123,"mus","yes"
"22/12/2009",13,108,"mus","yes"
"22/12/2009",13,108,"mus","yes"
"22/12/2009",13,130,"mus","yes"
"22/12/2009",13,131,"mus","yes"
"22/12/2009",13,115,"mus","yes"
"22/12/2009",13,115,"mus","yes"
"28/10/2009",13,128,"mus","yes"
"28/10/2009",13,128,"mus","yes"
"28/10/2009",13,128,"mus","yes"
"28/10/2009",13,127,"mus","yes"
"28/10/2009",13,129,"mus","yes"
"28/10/2009",13,102,"mus","yes"
"28/10/2009",13,135,"mus","yes"
"28/10/2009",13,139,"mus","yes"
"28/10/2009",13,131,"mus","yes"
"28/10/2009",13,135,"mus","yes"
"28/10/2009",13,134,"mus","yes"
"28/10/2009",13,143,"mus","yes"
"28/10/2009",13,144,"mus","yes"
"28/10/2009",13,92,"mus","yes"
"20/10/2009",13,130,"mus","yes"
"20/10/2009",13,132,"mus","yes"
"20/10/2009",13,123,"mus","yes"
"20/10/2009",13,126,"mus","yes"
"20/10/2009",13,125,"mus","yes"
"20/10/2009",13,122,"mus","yes"
"20/10/2009",13,121,"mus","yes"
"20/10/2009",13,110,"mus","yes"
"20/10/2009",13,110,"mus","yes"
"20/10/2009",13,113,"mus","yes"
"20/10/2009",13,117,"mus","yes"
"20/10/2009",13,115,"mus","yes"
"30/09/2009",13,126,"mus","yes"
"30/09/2009",13,123,"mus","yes"
"30/09/2009",13,122,"mus","yes"
"30/09/2009",13,127,"mus","yes"
"30/09/2009",13,114,"mus","yes"
"30/09/2009",13,114,"mus","yes"
"30/09/2009",13,115,"mus","yes"
"30/09/2009",13,114,"mus","yes"
"30/09/2009",13,136,"mus","yes"
"30/09/2009",13,133,"mus","yes"
"30/09/2009",13,107,"mus","yes"
"30/09/2009",13,110,"mus","yes"
"30/09/2009",13,104,"mus","yes"
"09/10/2012","13.25",164,"mus","yes"
"09/10/2012","13.25",156,"mus","yes"
"09/10/2012","13.25",150,"mus","yes"
"09/10/2012","13.25",155,"mus","yes"
"09/10/2012","13.25",156,"mus","yes"
"09/10/2012","13.25",150,"mus","yes"
"09/10/2012","13.25",143,"mus","yes"
"09/10/2012","13.25",148,"mus","yes"
"09/10/2012","13.25",146,"mus","yes"
"09/10/2012","13.25",148,"mus","yes"
"09/10/2012","13.25",137,"mus","yes"
"04/02/2009","13.25",142,"mus","yes"
"04/02/2009","13.25",140,"mus","yes"
"04/02/2009","13.25",144,"mus","yes"
"04/02/2009","13.25",142,"mus","yes"
"04/02/2009","13.25",144,"mus","yes"
"04/02/2009","13.25",134,"mus","yes"
"04/02/2009","13.25",135,"mus","yes"
"04/02/2009","13.25",137,"mus","yes"
"04/02/2009","13.25",134,"mus","yes"
"04/02/2009","13.25",131,"mus","yes"
"04/02/2009","13.25",137,"mus","yes"
"04/02/2009","13.25",150,"mus","yes"
"04/02/2009","13.25",121,"mus","yes"
"04/02/2009","13.25",129,"mus","yes"
"04/02/2009","13.25",129,"mus","yes"
"04/02/2009","13.25",127,"mus","yes"
"26/09/2012","13.25",152,"mus","yes"
"26/09/2012","13.25",157,"mus","yes"
"26/09/2012","13.25",151,"mus","yes"
"26/09/2012","13.25",143,"mus","yes"
"26/09/2012","13.25",130,"mus","yes"
"13/10/2011","13.5",135,"mus","yes"
"13/10/2011","13.5",134,"mus","yes"
"13/10/2011","13.5",139,"mus","yes"
"13/10/2011","13.5",178,"mus","yes"
"13/10/2011","13.5",172,"mus","yes"
"13/10/2011","13.5",176,"mus","yes"
"13/10/2011","13.5",170,"mus","yes"
"13/10/2011","13.5",178,"mus","yes"
"13/10/2011","13.5",166,"mus","yes"
"13/10/2011","13.5",162,"mus","yes"
"13/10/2011","13.5",165,"mus","yes"
"13/10/2011","13.5",119,"mus","yes"
"19/07/2011","13.5",172,"mus","yes"
"19/07/2011","13.5",177,"mus","yes"
"19/07/2011","13.5",172,"mus","yes"
"19/07/2011","13.5",175,"mus","yes"
"19/07/2011","13.5",179,"mus","yes"
"19/07/2011","13.5",180,"mus","yes"
"19/07/2011","13.5",184,"mus","yes"
"19/07/2011","13.5",186,"mus","yes"
"19/07/2011","13.5",168,"mus","yes"
"19/07/2011","13.5",165,"mus","yes"
"19/07/2011","13.5",151,"mus","yes"
"19/07/2011","13.5",163,"mus","yes"
"19/07/2011","13.5",149,"mus","yes"
"19/07/2011","13.5",142,"mus","yes"
"19/07/2011","13.5",146,"mus","yes"
"15/10/2009","13.5",180,"mus","yes"
"15/10/2009","13.5",189,"mus","yes"
"15/10/2009","13.5",186,"mus","yes"
"15/10/2009","13.5",200,"mus","yes"
"15/10/2009","13.5",201,"mus","yes"
"15/10/2009","13.5",205,"mus","yes"
"15/10/2009","13.5",195,"mus","yes"
"15/10/2009","13.5",199,"mus","yes"
"15/10/2009","13.5",195,"mus","yes"
"15/10/2009","13.5",177,"mus","yes"
"15/10/2009","13.5",173,"mus","yes"
"15/10/2009","13.5",178,"mus","yes"
"15/10/2009","13.5",165,"mus","yes"
"01/10/2009","13.5",163,"mus","yes"
"01/10/2009","13.5",165,"mus","yes"
"01/10/2009","13.5",165,"mus","yes"
"01/10/2009","13.5",167,"mus","yes"
"01/10/2009","13.5",172,"mus","yes"
"01/10/2009","13.5",172,"mus","yes"
"01/10/2009","13.5",174,"mus","yes"
"01/10/2009","13.5",157,"mus","yes"
"16/12/2008","13.5",139,"mus","yes"
"16/12/2008","13.5",136,"mus","yes"
"16/12/2008","13.5",131,"mus","yes"
"16/12/2008","13.5",134,"mus","yes"
"16/12/2008","13.5",158,"mus","yes"
"16/12/2008","13.5",156,"mus","yes"
"16/12/2008","13.5",155,"mus","yes"
"16/12/2008","13.5",158,"mus","yes"
"16/12/2008","13.5",150,"mus","yes"
"16/12/2008","13.5",152,"mus","yes"
"16/12/2008","13.5",123,"mus","yes"
"16/12/2008","13.5",173,"mus","yes"
"13/02/2012",14,206,"mus","yes"
"13/02/2012",14,209,"mus","yes"
"13/02/2012",14,199,"mus","yes"
"13/02/2012",14,195,"mus","yes"
"13/02/2012",14,193,"mus","yes"
"13/02/2012",14,198,"mus","yes"
"13/02/2012",14,194,"mus","yes"
"13/02/2012",14,197,"mus","yes"
"13/02/2012",14,227,"mus","yes"
"13/02/2012",14,223,"mus","yes"
"13/02/2012",14,227,"mus","yes"
"13/02/2012",14,215,"mus","yes"
"13/02/2012",14,218,"mus","yes"
"13/02/2012",14,213,"mus","yes"
"13/02/2012",14,216,"mus","yes"
"27/10/2009",14,213,"mus","yes"
"27/10/2009",14,218,"mus","yes"
"27/10/2009",14,212,"mus","yes"
"27/10/2009",14,214,"mus","yes"
"27/10/2009",14,226,"mus","yes"
"27/10/2009",14,222,"mus","yes"
"27/10/2009",14,204,"mus","yes"
"27/10/2009",14,206,"mus","yes"
"27/10/2009",14,207,"mus","yes"
"27/10/2009",14,203,"mus","yes"
"27/10/2009",14,195,"mus","yes"
"27/10/2009",14,197,"mus","yes"
"27/10/2009",14,159,"mus","yes"
"22/10/2009",14,205,"mus","yes"
"22/10/2009",14,202,"mus","yes"
"22/10/2009",14,202,"mus","yes"
"22/10/2009",14,207,"mus","yes"
"22/10/2009",14,203,"mus","yes"
"22/10/2009",14,201,"mus","yes"
"22/10/2009",14,186,"mus","yes"
"22/10/2009",14,189,"mus","yes"
"22/10/2009",14,217,"mus","yes"
"22/10/2009",14,219,"mus","yes"
"22/10/2009",14,196,"mus","yes"
"22/10/2009",14,194,"mus","yes"
"29/09/2009",14,192,"mus","yes"
"29/09/2009",14,194,"mus","yes"
"29/09/2009",14,210,"mus","yes"
"29/09/2009",14,212,"mus","yes"
"29/09/2009",14,221,"mus","yes"
"29/09/2009",14,224,"mus","yes"
"29/09/2009",14,219,"mus","yes"
"29/09/2009",14,222,"mus","yes"
"29/09/2009",14,220,"mus","yes"
"29/09/2009",14,225,"mus","yes"
"29/09/2009",14,239,"mus","yes"
"29/09/2009",14,242,"mus","yes"
"29/09/2009",14,239,"mus","yes"
"29/09/2009",14,230,"mus","yes"
"15/06/2011","14.5",246,"mus","yes"
"15/06/2011","14.5",247,"mus","yes"
"15/06/2011","14.5",241,"mus","yes"
"15/06/2011","14.5",249,"mus","yes"
"15/06/2011","14.5",204,"mus","yes"
"15/06/2011","14.5",199,"mus","yes"
"15/06/2011","14.5",209,"mus","yes"
"15/06/2011","14.5",252,"mus","yes"
"15/06/2011","14.5",252,"mus","yes"
"15/06/2011","14.5",188,"mus","yes"
"15/06/2011","14.5",263,"mus","yes"
"15/06/2011","14.5",265,"mus","yes"
"15/06/2011","14.5",236,"mus","yes"
"15/06/2011","14.5",228,"mus","yes"
"15/06/2011","14.5",169,"mus","yes"
"15/06/2011","14.5",219,"mus","yes"
"15/06/2011","14.5",214,"mus","yes"
"03/12/2009","14.5",304,"mus","yes"
"03/12/2009","14.5",345,"mus","yes"
"03/12/2009","14.5",377,"mus","yes"
"03/12/2009","14.5",325,"mus","yes"
"03/12/2009","14.5",328,"mus","yes"
"03/12/2009","14.5",327,"mus","yes"
"03/12/2009","14.5",354,"mus","yes"
"03/12/2009","14.5",354,"mus","yes"
"03/12/2009","14.5",356,"mus","yes"
"03/12/2009","14.5",365,"mus","yes"
"07/10/2009","14.5",264,"mus","yes"
"07/10/2009","14.5",266,"mus","yes"
"07/10/2009","14.5",262,"mus","yes"
"07/10/2009","14.5",258,"mus","yes"
"07/10/2009","14.5",257,"mus","yes"
"07/10/2009","14.5",270,"mus","yes"
"07/10/2009","14.5",274,"mus","yes"
"07/10/2009","14.5",232,"mus","yes"
"07/10/2009","14.5",234,"mus","yes"
"07/10/2009","14.5",236,"mus","yes"
"07/10/2009","14.5",283,"mus","yes"
"07/10/2009","14.5",189,"mus","yes"
"07/10/2009","14.5",243,"mus","yes"
"15/07/2009","14.5",283,"mus","yes"
"15/07/2009","14.5",288,"mus","yes"
"15/07/2009","14.5",288,"mus","yes"
"15/07/2009","14.5",280,"mus","yes"
"15/07/2009","14.5",295,"mus","yes"
"15/07/2009","14.5",320,"mus","yes"
"15/07/2009","14.5",312,"mus","yes"
"15/07/2009","14.5",245,"mus","yes"
"15/07/2009","14.5",265,"mus","yes"
"15/07/2009","14.5",263,"mus","yes"
"15/07/2009","14.5",265,"mus","yes"
"30/06/2009","14.5",266,"mus","yes"
"30/06/2009","14.5",262,"mus","yes"
"30/06/2009","14.5",272,"mus","yes"
"30/06/2009","14.5",274,"mus","yes"
"30/06/2009","14.5",247,"mus","yes"
"30/06/2009","14.5",245,"mus","yes"
"30/06/2009","14.5",240,"mus","yes"
"30/06/2009","14.5",242,"mus","yes"
"30/06/2009","14.5",235,"mus","yes"
"30/06/2009","14.5",234,"mus","yes"
"30/06/2009","14.5",258,"mus","yes"
"30/06/2009","14.5",223,"mus","yes"
"30/06/2009","14.5",220,"mus","yes"
"18/11/2010",15,313,"mus","yes"
"18/11/2010",15,308,"mus","yes"
"18/11/2010",15,292,"mus","yes"
"18/11/2010",15,298,"mus","yes"
"18/11/2010",15,294,"mus","yes"
"18/11/2010",15,287,"mus","yes"
"18/11/2010",15,286,"mus","yes"
"18/11/2010",15,279,"mus","yes"
"18/11/2010",15,254,"mus","yes"
"18/11/2010",15,262,"mus","yes"
"18/11/2010",15,343,"mus","yes"
"18/11/2010",15,351,"mus","yes"
"18/11/2010",15,204,"mus","yes"
"18/11/2010",15,328,"mus","yes"
"18/11/2010",15,243,"mus","yes"
"15/10/2010",15,322,"mus","yes"
"15/10/2010",15,320,"mus","yes"
"15/10/2010",15,325,"mus","yes"
"15/10/2010",15,324,"mus","yes"
"15/10/2010",15,342,"mus","yes"
"15/10/2010",15,347,"mus","yes"
"15/10/2010",15,345,"mus","yes"
"15/10/2010",15,301,"mus","yes"
"15/10/2010",15,300,"mus","yes"
"15/10/2010",15,298,"mus","yes"
"15/10/2010",15,370,"mus","yes"
"06/08/2008",15,318,"mus","yes"
"06/08/2008",15,312,"mus","yes"
"06/08/2008",15,333,"mus","yes"
"06/08/2008",15,323,"mus","yes"
"06/08/2008",15,325,"mus","yes"
"06/08/2008",15,327,"mus","yes"
"06/08/2008",15,329,"mus","yes"
"06/08/2008",15,329,"mus","yes"
"06/08/2008",15,327,"mus","yes"
"06/08/2008",15,327,"mus","yes"
"06/08/2008",15,382,"mus","yes"
"06/08/2008",15,305,"mus","yes"
"06/08/2008",15,281,"mus","yes"
"13/06/2008",15,375,"mus","yes"
"13/06/2008",15,379,"mus","yes"
"13/06/2008",15,372,"mus","yes"
"13/06/2008",15,377,"mus","yes"
"13/06/2008",15,373,"mus","yes"
"13/06/2008",15,402,"mus","yes"
"13/06/2008",15,397,"mus","yes"
"13/06/2008",15,396,"mus","yes"
"13/06/2008",15,390,"mus","yes"
"13/06/2008",15,368,"mus","yes"
"13/06/2008",15,405,"mus","yes"
"13/06/2008",15,406,"mus","yes"
"13/06/2008",15,402,"mus","yes"
"13/06/2008",15,330,"mus","yes"
"20/02/2013","15.5",439,"mus","yes"
"20/02/2013","15.5",564,"mus","yes"
"20/02/2013","15.5",493,"mus","yes"
"20/02/2013","15.5",547,"mus","yes"
"14/10/2010","15.5",573,"mus","yes"
"14/10/2010","15.5",566,"mus","yes"
"14/10/2010","15.5",581,"mus","yes"
"14/10/2010","15.5",557,"mus","yes"
"14/10/2010","15.5",552,"mus","yes"
"14/10/2010","15.5",548,"mus","yes"
"14/10/2010","15.5",519,"mus","yes"
"14/10/2010","15.5",482,"mus","yes"
"14/10/2010","15.5",454,"mus","yes"
"21/07/2010","15.5",598,"mus","yes"
"21/07/2010","15.5",627,"mus","yes"
"21/07/2010","15.5",652,"mus","yes"
"21/07/2010","15.5",658,"mus","yes"
"21/07/2010","15.5",689,"mus","yes"
"21/07/2010","15.5",675,"mus","yes"
"21/07/2010","15.5",878,"mus","yes"
"21/07/2010","15.5",752,"mus","yes"
"03/06/2010","15.5",527,"mus","yes"
"03/06/2010","15.5",525,"mus","yes"
"03/06/2010","15.5",525,"mus","yes"
"03/06/2010","15.5",521,"mus","yes"
"03/06/2010","15.5",533,"mus","yes"
"03/06/2010","15.5",570,"mus","yes"
"03/06/2010","15.5",561,"mus","yes"
"03/06/2010","15.5",511,"mus","yes"
"03/06/2010","15.5",512,"mus","yes"
"03/06/2010","15.5",506,"mus","yes"
"03/06/2010","15.5",614,"mus","yes"
"26/02/2009","15.5",464,"mus","yes"
"26/02/2009","15.5",461,"mus","yes"
"26/02/2009","15.5",457,"mus","yes"
"26/02/2009","15.5",473,"mus","yes"
"26/02/2009","15.5",490,"mus","yes"
"26/02/2009","15.5",495,"mus","yes"
"26/02/2009","15.5",492,"mus","yes"
"26/02/2009","15.5",495,"mus","yes"
"26/02/2009","15.5",425,"mus","yes"
"26/02/2009","15.5",442,"mus","yes"
"26/02/2009","15.5",514,"mus","yes"
"26/02/2009","15.5",502,"mus","yes"
"26/02/2009","15.5",551,"mus","yes"
"25/09/2008","15.5",602,"mus","yes"
"25/09/2008","15.5",544,"mus","yes"
"25/09/2008","15.5",538,"mus","yes"
"25/09/2008","15.5",532,"mus","yes"
"25/09/2008","15.5",533,"mus","yes"
"25/09/2008","15.5",618,"mus","yes"
"25/09/2008","15.5",575,"mus","yes"
"25/09/2008","15.5",500,"mus","yes"
"25/09/2008","15.5",564,"mus","yes"
"25/09/2008","15.5",520,"mus","yes"
"15/09/2011",16,545,"mus","yes"
"15/09/2011",16,542,"mus","yes"
"15/09/2011",16,545,"mus","yes"
"15/09/2011",16,623,"mus","yes"
"15/09/2011",16,581,"mus","yes"
"15/09/2011",16,588,"mus","yes"
"15/09/2011",16,566,"mus","yes"
"15/09/2011",16,502,"mus","yes"
"15/09/2011",16,515,"mus","yes"
"15/09/2011",16,473,"mus","yes"
"15/09/2011",16,613,"mus","yes"
"15/09/2011",16,604,"mus","yes"
"21/05/2010",16,582,"mus","yes"
"21/05/2010",16,586,"mus","yes"
"21/05/2010",16,590,"mus","yes"
"21/05/2010",16,521,"mus","yes"
"21/05/2010",16,685,"mus","yes"
"21/05/2010",16,654,"mus","yes"
"21/05/2010",16,655,"mus","yes"
"21/05/2010",16,665,"mus","yes"
"21/05/2010",16,621,"mus","yes"
"21/05/2010",16,624,"mus","yes"
"21/05/2010",16,605,"mus","yes"
"21/05/2010",16,645,"mus","yes"
"21/05/2010",16,633,"mus","yes"
"07/12/2011",16,560,"mus","yes"
"07/12/2011",16,566,"mus","yes"
"07/12/2011",16,571,"mus","yes"
"07/12/2011",16,576,"mus","yes"
"07/12/2011",16,661,"mus","yes"
"07/12/2011",16,671,"mus","yes"
"07/12/2011",16,630,"mus","yes"
"07/12/2011",16,635,"mus","yes"
"16/07/2009",16,549,"mus","yes"
"16/07/2009",16,550,"mus","yes"
"16/07/2009",16,557,"mus","yes"
"16/07/2009",16,589,"mus","yes"
"16/07/2009",16,563,"mus","yes"
"16/07/2009",16,561,"mus","yes"
"16/07/2009",16,610,"mus","yes"
"16/07/2009",16,577,"mus","yes"
"16/07/2009",16,579,"mus","yes"
"16/07/2009",16,578,"mus","yes"
"16/07/2009",16,570,"mus","yes"
"16/07/2009",16,532,"mus","yes"
"30/01/2009",16,560,"mus","yes"
"30/01/2009",16,568,"mus","yes"
"30/01/2009",16,573,"mus","yes"
"30/01/2009",16,590,"mus","yes"
"30/01/2009",16,582,"mus","yes"
"30/01/2009",16,632,"mus","yes"
"30/01/2009",16,645,"mus","yes"
"30/01/2009",16,535,"mus","yes"
"30/01/2009",16,550,"mus","yes"
"30/01/2009",16,497,"mus","yes"
"30/01/2009",16,603,"mus","yes"
"30/01/2009",16,624,"mus","yes"
"16/12/2011","16.5",741,"mus","yes"
"16/12/2011","16.5",723,"mus","yes"
"16/12/2011","16.5",712,"mus","yes"
"16/12/2011","16.5",649,"mus","yes"
"16/12/2011","16.5",653,"mus","yes"
"16/12/2011","16.5",622,"mus","yes"
"16/12/2011","16.5",628,"mus","yes"
"16/12/2011","16.5",760,"mus","yes"
"16/12/2011","16.5",770,"mus","yes"
"16/12/2011","16.5",608,"mus","yes"
"16/12/2011","16.5",602,"mus","yes"
"16/12/2011","16.5",686,"mus","yes"
"16/12/2011","16.5",680,"mus","yes"
"16/12/2011","16.5",694,"mus","yes"
"21/06/2012","16.5",737,"mus","yes"
"21/06/2012","16.5",731,"mus","yes"
"21/06/2012","16.5",730,"mus","yes"
"21/06/2012","16.5",688,"mus","yes"
"21/06/2012","16.5",685,"mus","yes"
"21/06/2012","16.5",688,"mus","yes"
"21/06/2012","16.5",716,"mus","yes"
"21/06/2012","16.5",624,"mus","yes"
"21/06/2012","16.5",771,"mus","yes"
"21/06/2012","16.5",722,"mus","yes"
"21/06/2012","16.5",721,"mus","yes"
"21/06/2012","16.5",811,"mus","yes"
"19/02/2009","16.5",705,"mus","yes"
"19/02/2009","16.5",716,"mus","yes"
"19/02/2009","16.5",703,"mus","yes"
"19/02/2009","16.5",709,"mus","yes"
"19/02/2009","16.5",711,"mus","yes"
"19/02/2009","16.5",705,"mus","yes"
"19/02/2009","16.5",740,"mus","yes"
"19/02/2009","16.5",723,"mus","yes"
"19/02/2009","16.5",688,"mus","yes"
"19/02/2009","16.5",680,"mus","yes"
"19/02/2009","16.5",671,"mus","yes"
"19/02/2009","16.5",789,"mus","yes"
"27/01/2012","16.5",745,"mus","yes"
"27/01/2012","16.5",752,"mus","yes"
"27/01/2012","16.5",690,"mus","yes"
"27/01/2012","16.5",689,"mus","yes"
"27/01/2012","16.5",719,"mus","yes"
"27/01/2012","16.5",706,"mus","yes"
"27/01/2012","16.5",702,"mus","yes"
"27/01/2012","16.5",664,"mus","yes"
"27/01/2012","16.5",670,"mus","yes"
"27/01/2012","16.5",796,"mus","yes"
"27/01/2012","16.5",630,"mus","yes"
"27/01/2012","16.5",629,"mus","yes"
"27/01/2012","16.5",640,"mus","yes"
"01/02/2013",17,823,"mus","yes"
"01/02/2013",17,886,"mus","yes"
"01/02/2013",17,889,"mus","yes"
"01/02/2013",17,907,"mus","yes"
"01/02/2013",17,910,"mus","yes"
"01/02/2013",17,924,"mus","yes"
"01/02/2013",17,926,"mus","yes"
"01/02/2013",17,928,"mus","yes"
"01/02/2013",17,947,"mus","yes"
"01/02/2013",17,970,"mus","yes"
"01/02/2013",17,972,"mus","yes"
"01/02/2013",17,987,"mus","yes"
"01/02/2013",17,1001,"mus","yes"
"01/07/2010",17,817,"mus","yes"
"01/07/2010",17,829,"mus","yes"
"01/07/2010",17,876,"mus","yes"
"01/07/2010",17,759,"mus","yes"
"01/07/2010",17,763,"mus","yes"
"01/07/2010",17,745,"mus","yes"
"01/07/2010",17,905,"mus","yes"
"01/07/2010",17,770,"mus","yes"
"01/07/2010",17,779,"mus","yes"
"01/07/2010",17,773,"mus","yes"
"01/07/2010",17,806,"mus","yes"
"01/07/2010",17,536,"mus","yes"
"28/05/2010",17,782,"mus","yes"
"28/05/2010",17,805,"mus","yes"
"28/05/2010",17,929,"mus","yes"
"28/05/2010",17,892,"mus","yes"
"28/05/2010",17,875,"mus","yes"
"28/05/2010",17,888,"mus","yes"
"28/05/2010",17,834,"mus","yes"
"28/05/2010",17,712,"mus","yes"
"09/02/2012",17,973,"mus","yes"
"09/02/2012",17,970,"mus","yes"
"09/02/2012",17,879,"mus","yes"
"09/02/2012",17,957,"mus","yes"
"09/02/2012",17,888,"mus","yes"
"09/02/2012",17,729,"mus","yes"
"09/02/2012",17,995,"mus","yes"
"09/02/2012",17,900,"mus","yes"
"09/02/2012",17,937,"mus","yes"
"09/02/2012",17,815,"mus","yes"
"09/02/2012",17,802,"mus","yes"
"09/02/2012",17,867,"mus","yes"
"?","17.5",1012,"mus","yes"
"?","17.5",1132,"mus","yes"
"?","17.5",1135,"mus","yes"
"?","17.5",1036,"mus","yes"
"?","17.5",1089,"mus","yes"
"?","17.5",1088,"mus","yes"
"?","17.5",959,"mus","yes"
"?","17.5",954,"mus","yes"
"?","17.5",938,"mus","yes"
"?","17.5",1211,"mus","yes"
"?","17.5",984,"mus","yes"
"?","17.5",988,"mus","yes"
"05/07/2010","17.5",1132,"mus","yes"
"05/07/2010","17.5",1130,"mus","yes"
"05/07/2010","17.5",1133,"mus","yes"
"05/07/2010","17.5",1125,"mus","yes"
"05/07/2010","17.5",1036,"mus","yes"
"05/07/2010","17.5",1084,"mus","yes"
"05/07/2010","17.5",1081,"mus","yes"
"05/07/2010","17.5",1087,"mus","yes"
"05/07/2010","17.5",1070,"mus","yes"
"05/07/2010","17.5",1070,"mus","yes"
"05/07/2010","17.5",1181,"mus","yes"
"05/07/2010","17.5",1157,"mus","yes"
"05/07/2010","17.5",1096,"mus","yes"
"05/07/2010","17.5",1108,"mus","yes"
"05/03/2012",18,1105,"mus","yes"
"05/03/2012",18,1108,"mus","yes"
"05/03/2012",18,1106,"mus","yes"
"05/03/2012",18,1103,"mus","yes"
"05/03/2012",18,1124,"mus","yes"
"05/03/2012",18,1123,"mus","yes"
"05/03/2012",18,1130,"mus","yes"
"05/03/2012",18,1167,"mus","yes"
"05/03/2012",18,1086,"mus","yes"
"05/03/2012",18,1098,"mus","yes"
"05/03/2012",18,1112,"mus","yes"
"05/03/2012",18,1077,"mus","yes"
"05/03/2012",18,1013,"mus","yes"
"05/03/2012",18,1205,"mus","yes"
"04/06/2010",18,1232,"mus","yes"
"04/06/2010",18,1236,"mus","yes"
"04/06/2010",18,1232,"mus","yes"
"04/06/2010",18,1232,"mus","yes"
"04/06/2010",18,1244,"mus","yes"
"04/06/2010",18,1282,"mus","yes"
"04/06/2010",18,1261,"mus","yes"
"04/06/2010",18,1200,"mus","yes"
"04/06/2010",18,1218,"mus","yes"
"04/06/2010",18,1165,"mus","yes"
"04/06/2010",18,1182,"mus","yes"
"04/06/2010",18,1189,"mus","yes"
"04/06/2010",18,1301,"mus","yes"
"04/06/2010",18,1249,"mus","yes"
"12/10/2012",18,913,"mus","yes"
"12/10/2012",18,1204,"mus","yes"
"12/10/2012",18,1209,"mus","yes"
"12/10/2012",18,1209,"mus","yes"
"12/10/2012",18,1185,"mus","yes"
"12/10/2012",18,1189,"mus","yes"
"12/10/2012",18,1256,"mus","yes"
"12/10/2012",18,1233,"mus","yes"
"12/10/2012",18,1244,"mus","yes"
"12/10/2012",18,1247,"mus","yes"
"12/10/2012",18,1134,"mus","yes"
"12/10/2012",18,1044,"mus","yes"
"04/05/2012",18,1021,"mus","yes"
"04/05/2012",18,1090,"mus","yes"
"04/05/2012",18,1080,"mus","yes"
"04/05/2012",18,1195,"mus","yes"
"04/05/2012",18,1111,"mus","yes"
"04/05/2012",18,1143,"mus","yes"
"04/05/2012",18,1167,"mus","yes"
"04/05/2012",18,1146,"mus","yes"
"04/05/2012",18,1166,"mus","yes"
"04/05/2012",18,1219,"mus","yes"
"04/05/2012",18,1193,"mus","yes"
"04/05/2012",18,1058,"mus","yes"
"04/05/2012",18,1113,"mus","yes"
"19/06/2012","18.5",1448,"mus","yes"
"19/06/2012","18.5",1295,"mus","yes"
"19/06/2012","18.5",1563,"mus","yes"
"19/06/2012","18.5",1472,"mus","yes"
"19/06/2012","18.5",1417,"mus","yes"
"19/06/2012","18.5",1693,"mus","yes"
"19/06/2012","18.5",1582,"mus","yes"
"19/06/2012","18.5",1531,"mus","yes"
"19/06/2012","18.5",1538,"mus","yes"
"19/06/2012","18.5",1789,"mus","yes"
"19/06/2012","18.5",1338,"mus","yes"
"19/06/2012","18.5",1463,"mus","yes"
"19/06/2012","18.5",1466,"mus","yes"
"19/06/2012","18.5",1500,"mus","yes"
"27/07/2010","18.5",1372,"mus","yes"
"27/07/2010","18.5",1364,"mus","yes"
"27/07/2010","18.5",1398,"mus","yes"
"27/07/2010","18.5",1386,"mus","yes"
"27/07/2010","18.5",1335,"mus","yes"
"27/07/2010","18.5",1345,"mus","yes"
"27/07/2010","18.5",1316,"mus","yes"
"27/07/2010","18.5",1422,"mus","yes"
"27/07/2010","18.5",1428,"mus","yes"
"27/07/2010","18.5",1429,"mus","yes"
"27/07/2010","18.5",1435,"mus","yes"
"27/07/2010","18.5",1265,"mus","yes"
"27/07/2010","18.5",1266,"mus","yes"
"27/07/2010","18.5",1287,"mus","yes"
"27/07/2010","18.5",1466,"mus","yes"
"27/07/2010","18.5",1485,"mus","yes"
"AE","10.5",35,"ham","yes"
"AE","10.5",36,"ham","yes"
"AE","10.5",51,"ham","yes"
"AE","10.5",46,"ham","yes"
"AE","10.5",65,"ham","yes"
"AE","10.5",27,"ham","yes"
"AE","10.5",21,"ham","yes"
"AD",11,80,"ham","yes"
"AD",11,82,"ham","yes"
"AD",11,83,"ham","yes"
"AD",11,101,"ham","yes"
"AD",11,95,"ham","yes"
"AD",11,71,"ham","yes"
"AC","11.5",160,"ham","yes"
"AC","11.5",160,"ham","yes"
"AC","11.5",155,"ham","yes"
"AC","11.5",152,"ham","yes"
"AC","11.5",150,"ham","yes"
"AC","11.5",169,"ham","yes"
"AC","11.5",168,"ham","yes"
"AC","11.5",165,"ham","yes"
"AC","11.5",136,"ham","yes"
"AC","11.5",138,"ham","yes"
"AC","11.5",147,"ham","yes"
"AC","11.5",146,"ham","yes"
"AC","11.5",114,"ham","yes"
"AC","11.5",124,"ham","yes"
"AC","11.5",120,"ham","yes"
"A",12,277,"ham","yes"
"A",12,276,"ham","yes"
"A",12,284,"ham","yes"
"A",12,228,"ham","yes"
"A",12,241,"ham","yes"
"A",12,242,"ham","yes"
"A",12,235,"ham","yes"
"A",12,202,"ham","yes"
"A",12,200,"ham","yes"
"A",12,187,"ham","yes"
"A",12,185,"ham","yes"
"B",12,259,"ham","yes"
"B",12,248,"ham","yes"
"B",12,214,"ham","yes"
"B",12,212,"ham","yes"
"B",12,176,"ham","yes"
"B",12,175,"ham","yes"
"B",12,267,"ham","yes"
"B",12,267,"ham","yes"
"B",12,222,"ham","yes"
"B",12,297,"ham","yes"
"B",12,205,"ham","yes"
"C",12,221,"ham","yes"
"C",12,224,"ham","yes"
"C",12,224,"ham","yes"
"C",12,226,"ham","yes"
"C",12,257,"ham","yes"
"C",12,242,"ham","yes"
"C",12,247,"ham","yes"
"C",12,219,"ham","yes"
"C",12,215,"ham","yes"
"C",12,187,"ham","yes"
"D",12,265,"ham","yes"
"D",12,268,"ham","yes"
"D",12,189,"ham","yes"
"D",12,234,"ham","yes"
"D",12,231,"ham","yes"
"D",12,248,"ham","yes"
"D",12,206,"ham","yes"
"D",12,201,"ham","yes"
"D",12,117,"ham","yes"
"E",12,308,"ham","yes"
"E",12,247,"ham","yes"
"E",12,248,"ham","yes"
"E",12,244,"ham","yes"
"E",12,274,"ham","yes"
"E",12,277,"ham","yes"
"E",12,237,"ham","yes"
"E",12,255,"ham","yes"
"E",12,252,"ham","yes"
"E",12,224,"ham","yes"
"E",12,229,"ham","yes"
"E",12,219,"ham","yes"
"F","12.25",284,"ham","yes"
"F","12.25",283,"ham","yes"
"F","12.25",300,"ham","yes"
"F","12.25",301,"ham","yes"
"F","12.25",273,"ham","yes"
"F","12.25",272,"ham","yes"
"F","12.25",239,"ham","yes"
"F","12.25",239,"ham","yes"
"F","12.25",244,"ham","yes"
"F","12.25",264,"ham","yes"
"F","12.25",260,"ham","yes"
"F","12.25",253,"ham","yes"
"F","12.25",218,"ham","yes"
"F","12.25",594,"ham","yes"
"F","12.25",566,"ham","yes"
"F","12.25",607,"ham","yes"
"F","12.25",724,"ham","yes"
"G","12.5",398,"ham","yes"
"G","12.5",396,"ham","yes"
"G","12.5",411,"ham","yes"
"G","12.5",410,"ham","yes"
"G","12.5",408,"ham","yes"
"G","12.5",388,"ham","yes"
"G","12.5",386,"ham","yes"
"G","12.5",423,"ham","yes"
"G","12.5",421,"ham","yes"
"G","12.5",442,"ham","yes"
"G","12.5",440,"ham","yes"
"G","12.5",440,"ham","yes"
"G","12.5",435,"ham","yes"
"G","12.5",450,"ham","yes"
"G","12.5",473,"ham","yes"
"G","12.5",461,"ham","yes"
"H","12.5",417,"ham","yes"
"H","12.5",417,"ham","yes"
"H","12.5",381,"ham","yes"
"H","12.5",383,"ham","yes"
"H","12.5",325,"ham","yes"
"H","12.5",322,"ham","yes"
"H","12.5",335,"ham","yes"
"H","12.5",312,"ham","yes"
"H","12.5",282,"ham","yes"
"H","12.5",241,"ham","yes"
"H","12.5",241,"ham","yes"
"H","12.5",238,"ham","yes"
"J","12.5",449,"ham","yes"
"J","12.5",450,"ham","yes"
"J","12.5",541,"ham","yes"
"J","12.5",423,"ham","yes"
"J","12.5",431,"ham","yes"
"J","12.5",432,"ham","yes"
"J","12.5",440,"ham","yes"
"J","12.5",511,"ham","yes"
"J","12.5",517,"ham","yes"
"J","12.5",375,"ham","yes"
"J","12.5",376,"ham","yes"
"J","12.5",398,"ham","yes"
"J","12.5",361,"ham","yes"
"K",13,498,"ham","yes"
"K",13,498,"ham","yes"
"K",13,470,"ham","yes"
"K",13,410,"ham","yes"
"K",13,574,"ham","yes"
"K",13,581,"ham","yes"
"K",13,555,"ham","yes"
"K",13,631,"ham","yes"
"K",13,397,"ham","yes"
"K",13,440,"ham","yes"
"K",13,630,"ham","yes"
"L",13,532,"ham","yes"
"L",13,563,"ham","yes"
"L",13,519,"ham","yes"
"L",13,467,"ham","yes"
"L",13,544,"ham","yes"
"L",13,578,"ham","yes"
"L",13,404,"ham","yes"
"L",13,469,"ham","yes"
"L",13,507,"ham","yes"
"L",13,459,"ham","yes"
"L",13,431,"ham","yes"
"L",13,638,"ham","yes"
"L",13,585,"ham","yes"
"M",13,642,"ham","yes"
"M",13,595,"ham","yes"
"M",13,453,"ham","yes"
"M",13,548,"ham","yes"
"M",13,548,"ham","yes"
"M",13,551,"ham","yes"
"M",13,558,"ham","yes"
"M",13,471,"ham","yes"
"M",13,567,"ham","yes"
"M",13,560,"ham","yes"
"N","13.5",810,"ham","yes"
"N","13.5",1010,"ham","yes"
"N","13.5",1012,"ham","yes"
"N","13.5",992,"ham","yes"
"N","13.5",754,"ham","yes"
"N","13.5",764,"ham","yes"
"N","13.5",929,"ham","yes"
"N","13.5",891,"ham","yes"
"N","13.5",860,"ham","yes"
"N","13.5",454,"ham","yes"
"N","13.5",593,"ham","yes"
"O","13.5",670,"ham","yes"
"O","13.5",705,"ham","yes"
"O","13.5",542,"ham","yes"
"O","13.5",328,"ham","yes"
"P","13.5",914,"ham","yes"
"P","13.5",820,"ham","yes"
"P","13.5",836,"ham","yes"
"P","13.5",873,"ham","yes"
"P","13.5",829,"ham","yes"
"P","13.5",700,"ham","yes"
"P","13.5",950,"ham","yes"
"P","13.5",958,"ham","yes"
"P","13.5",1163,"ham","yes"
"P","13.5",1033,"ham","yes"
"P","13.5",1082,"ham","yes"
"P","13.5",1067,"ham","yes"
"Q","13.5",1024,"ham","yes"
"Q","13.5",381,"ham","yes"
"Q","13.5",998,"ham","yes"
"Q","13.5",970,"ham","yes"
"Q","13.5",966,"ham","yes"
"Q","13.5",1145,"ham","yes"
"Q","13.5",1124,"ham","yes"
"Q","13.5",1046,"ham","yes"
"Q","13.5",1019,"ham","yes"
"Q","13.5",1131,"ham","yes"
"R","13.5",946,"ham","yes"
"R","13.5",1182,"ham","yes"
"R","13.5",1196,"ham","yes"
"R","13.5",782,"ham","yes"
"R","13.5",1043,"ham","yes"
"R","13.5",505,"ham","yes"
"R","13.5",795,"ham","yes"
"R","13.5",723,"ham","yes"
"R","13.5",725,"ham","yes"
"R","13.5",512,"ham","yes"
"R","13.5",779,"ham","yes"
"R","13.5",568,"ham","yes"
"R","13.5",600,"ham","yes"
"R","13.5",380,"ham","yes"
"S","13.5",948,"ham","yes"
"S","13.5",803,"ham","yes"
"S","13.5",813,"ham","yes"
"S","13.5",846,"ham","yes"
"S","13.5",918,"ham","yes"
"S","13.5",823,"ham","yes"
"S","13.5",889,"ham","yes"
"S","13.5",883,"ham","yes"
"S","13.5",695,"ham","yes"
"S","13.5",466,"ham","yes"
"T","13.75",891,"ham","yes"
"T","13.75",892,"ham","yes"
"T","13.75",1051,"ham","yes"
"T","13.75",1073,"ham","yes"
"T","13.75",905,"ham","yes"
"T","13.75",1169,"ham","yes"
"T","13.75",1061,"ham","yes"
"T","13.75",1116,"ham","yes"
"T","13.75",1029,"ham","yes"
"T","13.75",1059,"ham","yes"
"T","13.75",1138,"ham","yes"
"U",14,1352,"ham","yes"
"U",14,1208,"ham","yes"
"U",14,1247,"ham","yes"
"U",14,928,"ham","yes"
"U",14,948,"ham","yes"
"U",14,1151,"ham","yes"
"U",14,1177,"ham","yes"
"U",14,1045,"ham","yes"
"U",14,695,"ham","yes"
"U",14,1105,"ham","yes"
"U",14,1110,"ham","yes"
"U",14,1117,"ham","yes"
"U",14,1125,"ham","yes"
"V",14,1093,"ham","yes"
"V",14,1035,"ham","yes"
"V",14,1074,"ham","yes"
"V",14,1048,"ham","yes"
"V",14,1064,"ham","yes"
"V",14,1105,"ham","yes"
"V",14,1117,"ham","yes"
"V",14,1087,"ham","yes"
"V",14,895,"ham","yes"
"V",14,915,"ham","yes"
"V",14,702,"ham","yes"
"W",14,1093,"ham","yes"
"W",14,1035,"ham","yes"
"W",14,1074,"ham","yes"
"W",14,1048,"ham","yes"
"W",14,1064,"ham","yes"
"W",14,1105,"ham","yes"
"W",14,1117,"ham","yes"
"W",14,1087,"ham","yes"
"W",14,895,"ham","yes"
"W",14,915,"ham","yes"
"W",14,702,"ham","yes"
"X","14.5",1852,"ham","yes"
"X","14.5",1538,"ham","yes"
"X","14.5",1387,"ham","yes"
"X","14.5",1485,"ham","yes"
"X","14.5",1498,"ham","yes"
"X","14.5",1614,"ham","yes"
"X","14.5",1610,"ham","yes"
"X","14.5",1788,"ham","yes"
"X","14.5",1571,"ham","yes"
"X","14.5",1556,"ham","yes"
"X","14.5",1043,"ham","yes"
"Y","14.5",1692,"ham","yes"
"Y","14.5",1539,"ham","yes"
"Y","14.5",1510,"ham","yes"
"Y","14.5",1512,"ham","yes"
"Y","14.5",1539,"ham","yes"
"Y","14.5",1654,"ham","yes"
"Y","14.5",1609,"ham","yes"
"Y","14.5",1842,"ham","yes"
"Y","14.5",1895,"ham","yes"
"Y","14.5",1917,"ham","yes"
"Z","14.5",975,"ham","yes"
"Z","14.5",968,"ham","yes"
"Z","14.5",1176,"ham","yes"
"Z","14.5",1218,"ham","yes"
"Z","14.5",1423,"ham","yes"
"AA","14.5",1670,"ham","yes"
"AA","14.5",1667,"ham","yes"
"AA","14.5",1651,"ham","yes"
"AA","14.5",1945,"ham","yes"
"AA","14.5",1625,"ham","yes"
"AA","14.5",1734,"ham","yes"
"AA","14.5",2039,"ham","yes"
"AA","14.5",1306,"ham","yes"
"AA","14.5",1598,"ham","yes"
"AA","14.5",1710,"ham","yes"
"AA","14.5",1589,"ham","yes"
"AA","14.5",1535,"ham","yes"
"AA","14.5",1436,"ham","yes"
"AA","14.5",1528,"ham","yes"
"AB",15,1942,"ham","yes"
"AB",15,2055,"ham","yes"
"AB",15,2033,"ham","yes"
"AB",15,2093,"ham","yes"
"AB",15,1732,"ham","yes"
"AB",15,1745,"ham","yes"
"AB",15,1770,"ham","yes"
"AB",15,1810,"ham","yes"
"AB",15,1827,"ham","yes"
"AB",15,1850,"ham","yes"
"AB",15,2238,"ham","yes"
"AB",15,1659,"ham","yes"
"AB",15,1256,"ham","yes"
"06/11/2013","13.5",133,"mus","medium"
"13/11/2013","13.5",145,"mus","medium"
"13/11/2013","13.5",149,"mus","medium"
"06/11/2013","13.5",147,"mus","medium"
"06/11/2013","13.5",150,"mus","medium"
"13/11/2013","13.5",155,"mus","medium"
"13/11/2013","13.5",158,"mus","medium"
"06/11/2013","13.5",160,"mus","medium"
"06/11/2013","13.5",164,"mus","medium"
"13/11/2013","13.5",168,"mus","medium"
"13/11/2013","13.5",172,"mus","medium"
"07/11/2013","14.5",241,"mus","medium"
"07/11/2013","14.5",246,"mus","medium"
"17/02/2015",15,250,"mus","medium"
"17/02/2015",15,300,"mus","medium"
"17/02/2015",15,307,"mus","medium"
"17/02/2015",15,308,"mus","medium"
"17/02/2015",15,312,"mus","medium"
"17/02/2015",15,320,"mus","medium"
"17/02/2015",15,327,"mus","medium"
"17/02/2015",15,329,"mus","medium"
"17/02/2015",15,330,"mus","medium"
"17/02/2015",15,331,"mus","medium_low"
"17/02/2015",15,334,"mus","medium"
"17/02/2015",15,335,"mus","medium"
"04/11/2015",15,337,"mus","medium"
"17/02/2015",15,331,"mus","medium_low"
"17/02/2015",15,339,"mus","medium"
"17/02/2015",15,342,"mus","medium"
"17/02/2015",15,345,"mus","medium"
"16/07/2014",16,328,"mus","medium"
"16/07/2014",16,351,"mus","medium"
"16/07/2014",16,370,"mus","medium"
"17/02/2015",15,364,"mus","medium"
"16/07/2014",16,389,"mus","medium"
"16/07/2014",16,390,"mus","medium"
"04/11/2015",15,409,"mus","medium"
"04/11/2015",15,410,"mus","medium"
"16/07/2014",16,410,"mus","medium"
"16/07/2014",16,421,"mus","medium"
"22/11/2013","15.5",413,"mus","medium"
"22/11/2013","15.5",424,"mus","medium"
"04/11/2015",15,423,"mus","medium"
"04/11/2015",15,429,"mus","medium"
"14/11/2013","15.5",439,"mus","medium"
"04/11/2015",15,445,"mus","medium"
"04/11/2015",15,446,"mus","medium"
"04/11/2015",15,448,"mus","medium"
"22/11/2013","15.5",448,"mus","medium"
"22/11/2013","15.5",454,"mus","medium"
"16/07/2014",16,449,"mus","medium"
"16/07/2014",16,450,"mus","medium"
"04/11/2015",15,450,"mus","medium"
"14/11/2013","15.5",452,"mus","medium"
"14/11/2013","15.5",464,"mus","medium"
"16/07/2014",16,482,"mus","medium"
"16/07/2014",16,486,"mus","medium"
"14/11/2013","15.5",505,"mus","medium"
"22/11/2013","15.5",506,"mus","medium"
"22/11/2013","15.5",513,"mus","medium"
"22/11/2013","15.5",530,"mus","medium"
"14/11/2013","15.5",535,"mus","medium"
"10/16/2014","22.5",121,"aco","medium"
"10/16/2014","22.5",122,"aco","medium"
"10/16/2014","22.5",138,"aco","medium"
"10/8/2014","19.5",155,"aco","medium"
"4/14/2014",19,157,"aco","medium"
"4/14/2014",19,160,"aco","medium"
"4/14/2014",19,163,"aco","medium"
"11/5/2014","19.5",166,"aco","medium"
"11/5/2014","19.5",173,"aco","medium"
"10/8/2014","19.5",176,"aco","medium"
"4/13/2015","19.5",203,"aco","medium"
"2/21/2014",19,209,"aco","medium"
"10/9/2014","20.5",212,"aco","medium"
"19/02/2014-1",20,215,"aco","medium"
"4/13/2015","19.5",216,"aco","medium"
"10/22/2014","20.5",220,"aco","medium"
"2/21/2014",19,222,"aco","medium"
"2/21/2014",19,225,"aco","medium"
"10/22/2014","20.5",230,"aco","medium"
"10/9/2014","20.5",250,"aco","medium"
"19/02/2014-1",20,253,"aco","medium"
"10/22/2014","20.5",253,"aco","medium"
"19/02/2014-1",20,264,"aco","medium"
"5/5/2015",21,270,"aco","medium"
"10/22/2014","20.5",275,"aco","medium"
"10/22/2014","20.5",276,"aco","medium"
"4/1/2015","21.5",286,"aco","medium"
"4/17/2014","20.5",293,"aco","medium"
"10/22/2014","20.5",298,"aco","medium"
"4/1/2015","21.5",298,"aco","medium"
"2/13/2015","21.5",301,"aco","medium"
"2/13/2015","21.5",303,"aco","medium"
"3/4/2015","21.5",306,"aco","medium"
"3/4/2015","21.5",312,"aco","medium"
"19/02/2014-2",20,313,"aco","medium"
"12/11/2014","20.5",315,"aco","medium"
"11/6/2014","22.5",316,"aco","medium"
"5/5/2015",21,318,"aco","medium"
"12/11/2014","20.5",320,"aco","medium"
"2/19/2015","22.5",320,"aco","medium"
"3/4/2015","21.5",321,"aco","medium"
"19/02/2014-2",20,322,"aco","medium"
"3/20/2014","20.5",322,"aco","medium"
"12/11/2014","20.5",327,"aco","medium"
"4/17/2014","20.5",330,"aco","medium"
"10/9/2014","20.5",331,"aco","medium"
"10/9/2014","20.5",335,"aco","medium"
"2/19/2015","22.5",340,"aco","medium"
"10/29/2015",23,347,"aco","medium"
"19/02/2014-2",20,350,"aco","medium"
"3/13/2015","21.5",353,"aco","medium"
"3/20/2014","20.5",355,"aco","medium"
"3/13/2015","21.5",361,"aco","medium"
"4/8/2015",22,362,"aco","medium"
"19/02/2014-2",20,386,"aco","medium"
"10/29/2015",23,386,"aco","medium"
"2/19/2015","22.5",387,"aco","medium"
"5/7/2015",23,391,"aco","medium"
"4/8/2015",22,396,"aco","medium"
"3/28/2014","21.5",398,"aco","medium"
"4/18/2014","21.5",398,"aco","medium"
"11/6/2014","22.5",401,"aco","medium"
"5/22/2015","23.5",403,"aco","medium"
"3/28/2014","21.5 ",408,"aco","medium"
"4/18/2014","21.5",410,"aco","medium"
"4/9/2015","22.5",416,"aco","medium"
"4/9/2015","22.5",422,"aco","medium"
"10/29/2015",23,424,"aco","medium"
"7/30/2015","22.5",430,"aco","medium"
"4/18/2014","21.5",437,"aco","medium"
"7/30/2015","22.5",438,"aco","medium"
"5/7/2015",23,438,"aco","medium"
"7/10/2015",22,445,"aco","medium"
"5/22/2015","23.5",445,"aco","medium"
"7/30/2015","22.5",450,"aco","medium"
"2/19/2015","22.5",453,"aco","medium"
"5/6/2015",22,458,"aco","medium"
"2/19/2015","22.5",458,"aco","medium"
"10/15/2015","22.5",461,"aco","medium"
"10/15/2015","22.5",461,"aco","medium"
"5/22/2015","23.5",467,"aco","medium"
"5/6/2015",22,468,"aco","medium"
"7/30/2015","22.5",470,"aco","medium"
"5/7/2015",23,470,"aco","medium"
"7/10/2015",22,486,"aco","medium"
"7/30/2015","22.5",490,"aco","medium"
"9/23/2015",22,508,"aco","medium"
"10/15/2015","22.5",528,"aco","medium"
"10/15/2015","22.5",528,"aco","medium"
"11/12/2015",23,530,"aco","medium"
"4/7/2014",23,561,"aco","medium"
"7/30/2015",23,591,"aco","medium"
"11/19/2015","22.5",598,"aco","medium"
"11/19/2015","22.5",603,"aco","medium"
"11/12/2015",23,616,"aco","medium"
"4/17/2015","23.5",620,"aco","medium"
"7/16/2015",23,627,"aco","medium"
"7/16/2015",23,631,"aco","medium"
"7/17/2015","23.5",643,"aco","medium"
"2/3/2014",23,647,"aco","medium"
"7/3/2015","23.5",655,"aco","medium"
"4/17/2015","23.5",663,"aco","medium"
"7/3/2015","23.5",670,"aco","medium"
"7/30/2015",23,673,"aco","medium"
"7/17/2015","23.5",697,"aco","medium"
"2/3/2014",23,698,"aco","medium"
"2/3/2014",23,700,"aco","medium"
"7/17/2015","23.5",704,"aco","medium"
"7/17/2015","23.5",710,"aco","medium"
"7/3/2015","23.5",711,"aco","medium"
"2/3/2014",23,714,"aco","medium"
"4/25/2014","22.5",727,"aco","medium"
"7/3/2015","23.5",730,"aco","medium"
"7/3/2015","23.5",758,"aco","medium"
"4/25/2014","22.5",761,"aco","medium"
"2/3/2014",24,764,"aco","medium"
"2/3/2014",24,765,"aco","medium"
"5/21/2014","24.5",792,"aco","medium"
"2/3/2014",24,796,"aco","medium"
"2/3/2014",24,812,"aco","medium"
"2/3/2014",24,825,"aco","medium"
"11/3/2014","24.5",858,"aco","medium"
"11/25/2014","25.5",875,"aco","medium"
"11/25/2014","25.5",881,"aco","medium"
"11/25/2014","25.5",940,"aco","medium"
"8/18/2015","25.5",945,"aco","medium"
"5/21/2014","24.5",965,"aco","medium"
"2/17/2014",24,968,"aco","medium"
"8/18/2015","25.5",998,"aco","medium"
"2/17/2014",24,1012,"aco","medium"
"3/21/2016",26,1013,"aco","medium"
"11/25/2014","25.5",1030,"aco","medium"
"3/21/2016",26,1056,"aco","medium"
"8/13/2014","26.5",1084,"aco","medium"
"10/27/2015","25.5",1101,"aco","medium"
"2/17/2014",24,1112,"aco","medium"
"8/13/2014","26.5",1148,"aco","medium"
"10/27/2015","25.5",1207,"aco","medium"
"4/23/2014","26.5",1215,"aco","medium"
"10/27/2015","25.5",1226,"aco","medium"
"10/27/2015",26,1242,"aco","medium"
"4/22/2014","25.5",1245,"aco","medium"
"7/6/2015",27,1270,"aco","medium"
"10/27/2015",26,1282,"aco","medium"
"7/6/2015",27,1303,"aco","medium"
"4/23/2014","26.5",1326,"aco","medium"
"7/6/2015",27,1342,"aco","medium"
"11/3/2014","26.5",1372,"aco","medium"
"2/17/2014",27,1386,"aco","Medium-low"
"2/17/2014",27,1386,"aco","Medium-low"
"4/22/2014","25.5",1400,"aco","medium"
"2/17/2014",27,1400,"aco","medium"
"2/17/2014",27,1401,"aco","medium"
"4/4/2016","26.5",1439,"aco","medium"
"4/20/2015","26.5",1454,"aco","medium"
"4/20/2015","26.5",1471,"aco","medium"
"4/20/2015","26.5",1479,"aco","medium"
"4/4/2016","26.5",1501,"aco","medium"
"4/27/2016","27.5",1526,"aco","medium"
"4/27/2016","27.5",1560,"aco","medium"
"5/9/2016",27,1564,"aco","medium"
"5/9/2016",27,1578,"aco","medium"
"4/12/2016",27,1581,"aco","medium"
"4/27/2016","27.5",1637,"aco","medium"
"5/3/2016","27.5",1640,"aco","medium"
"5/3/2016","27.5",1782,"aco","medium"
"4/12/2016",27,1813,"aco","medium"
"04/06/19",11,143,"ham","medium"
"04/06/19",11,163,"ham","medium"
"04/06/19",11,185,"ham","medium"
"04/06/19",11,214,"ham","medium"
"04/06/19",11,152,"ham","medium"
"04/06/19",11,153,"ham","medium"
"04/06/19",11,155,"ham","medium"
"04/06/19",11,202,"ham","medium"
"04/06/19",11,207,"ham","medium"
"05/28/2019",11,78,"ham","medium"
"05/28/2019",11,85,"ham","medium"
"05/28/2019",11,86,"ham","medium"
"05/28/2019",11,95,"ham","medium"
"05/28/2019",11,100,"ham","medium"
"14/08/20","11.25",137,"ham","medium"
"14/08/20","11.25",124,"ham","medium"
"14/08/20","11.25",142,"ham","medium"
"14/08/20","11.25",152,"ham","medium"
"19/06/20","11.25",94,"ham","medium"
"19/06/20","11.25",120,"ham","medium"
"19/06/20","11.25",123,"ham","medium"
"19/06/20","11.25",125,"ham","medium"
"19/06/20","11.25",140,"ham","medium"
"19/06/20","11.25",155,"ham","medium"
"19/06/20","11.25",159,"ham","medium"
"19/06/20","11.25",164,"ham","medium"
"19/06/20","11.25",167,"ham","medium"
"26/06/20","11.25",123,"ham","medium"
"26/06/20","11.25",131,"ham","medium"
"26/06/20","11.25",137,"ham","medium"
"26/06/20","11.25",143,"ham","medium"
"26/06/20","11.25",149,"ham","medium"
"26/06/20","11.25",150,"ham","medium"
"26/06/20","11.25",154,"ham","medium"
"26/06/20","11.25",155,"ham","medium"
"26/06/20","11.25",156,"ham","medium"
"26/06/20","11.25",162,"ham","medium"
"26/06/20","11.25",166,"ham","medium"
"03/20/2019","11.5",189,"ham","medium"
"03/20/2019","11.5",172,"ham","medium"
"03/20/2019","11.5",175,"ham","medium"
"03/20/2019","11.5",181,"ham","medium"
"03/20/2019","11.5",182,"ham","medium"
"03/20/2019","11.5",184,"ham","medium"
"03/20/2019","11.5",188,"ham","medium"
"03/20/2019","11.5",190,"ham","medium"
"03/20/2019","11.5",204,"ham","medium"
"03/20/2019","11.5",209,"ham","medium"
"07/01/19",12,126,"ham","medium"
"07/01/19",12,152,"ham","medium"
"07/01/19",12,143,"ham","medium"
"07/01/19",12,145,"ham","medium"
"07/01/19",12,161,"ham","medium"
"07/01/19",12,165,"ham","medium"
"07/01/19",12,166,"ham","medium"
"07/01/19",12,175,"ham","medium"
"07/01/19",12,178,"ham","medium"
"07/01/19",12,196,"ham","medium"
"07/01/19",12,202,"ham","medium"
"10/12/19",12,145,"ham","medium"
"10/12/19",12,152,"ham","medium"
"10/12/19",12,162,"ham","medium"
"10/12/19",12,167,"ham","medium"
"10/12/19",12,174,"ham","medium"
"10/12/19",12,184,"ham","medium"
"11/03/19",12,195,"ham","medium"
"11/03/19",12,204,"ham","medium"
"11/03/19",12,207,"ham","medium"
"11/03/19",12,214,"ham","medium"
"11/03/19",12,220,"ham","medium"
"11/03/19",12,230,"ham","medium"
"11/03/19",12,231,"ham","medium"
"11/03/19",12,256,"ham","medium"
"16/10/19",12,160,"ham","medium"
"16/10/19",12,215,"ham","medium"
"16/10/19",12,227,"ham","medium"
"16/10/19",12,174,"ham","medium"
"16/10/19",12,176,"ham","medium"
"16/10/19",12,182,"ham","medium"
"16/10/19",12,185,"ham","medium"
"16/10/19",12,187,"ham","medium"
"16/10/19",12,198,"ham","medium"
"16/10/19",12,205,"ham","medium"
"31/07/19",12,81,"ham","medium"
"31/07/19",12,96,"ham","medium"
"31/07/19",12,107,"ham","medium"
"31/07/19",12,50,"ham","medium"
"31/07/19",12,54,"ham","medium"
"31/07/19",12,75,"ham","medium"
"31/07/19",12,76,"ham","medium"
"31/07/19",12,83,"ham","medium"
"31/07/19",12,86,"ham","medium"
"31/07/19",12,87,"ham","medium"
"05/06/20","12.25",240,"ham","medium"
"05/06/20","12.25",273,"ham","medium"
"05/06/20","12.25",288,"ham","medium"
"05/06/20","12.25",288,"ham","medium"
"05/06/20","12.25",293,"ham","medium"
"05/06/20","12.25",301,"ham","medium"
"05/06/20","12.25",308,"ham","medium"
"05/06/20","12.25",318,"ham","medium"
"05/06/20","12.25",318,"ham","medium"
"05/06/20","12.25",326,"ham","medium"
"05/06/20","12.25",337,"ham","medium"
"05/06/20","12.25",342,"ham","medium"
"05/06/20","12.25",348,"ham","medium"
"05/06/20","12.25",362,"ham","medium"
"05/06/20","12.25",367,"ham","medium"
"05/06/20","12.25",389,"ham","medium"
"12/06/20","12.25",181,"ham","medium"
"12/06/20","12.25",185,"ham","medium"
"12/06/20","12.25",225,"ham","medium"
"12/06/20","12.25",237,"ham","medium"
"12/06/20","12.25",226,"ham","medium"
"12/06/20","12.25",264,"ham","medium"
"12/06/20","12.25",274,"ham","medium"
"12/06/20","12.25",307,"ham","medium"
"12/06/20","12.25",307,"ham","medium"
"12/06/20","12.25",308,"ham","medium"
"12/06/20","12.25",313,"ham","medium"
"12/06/20","12.25",334,"ham","medium"
"12/06/20","12.25",335,"ham","medium"
"12/06/20","12.25",392,"ham","medium"
"18/06/20","12.25",170,"ham","medium"
"18/06/20","12.25",223,"ham","medium"
"18/06/20","12.25",245,"ham","medium"
"18/06/20","12.25",245,"ham","medium"
"18/06/20","12.25",246,"ham","medium"
"18/06/20","12.25",263,"ham","medium"
"18/06/20","12.25",281,"ham","medium"
"18/06/20","12.25",287,"ham","medium"
"18/06/20","12.25",298,"ham","medium"
"18/06/20","12.25",303,"ham","medium"
"18/06/20","12.25",310,"ham","medium"
"18/06/20","12.25",337,"ham","medium"
"19/08/20","12.25",266,"ham","medium"
"19/08/20","12.25",278,"ham","medium"
"19/08/20","12.25",300,"ham","medium"
"19/08/20","12.25",306,"ham","medium"
"19/08/20","12.25",309,"ham","medium"
"19/08/20","12.25",350,"ham","medium"
"19/08/20","12.25",363,"ham","medium"
"19/08/20","12.25",366,"ham","medium"
"19/08/20","12.25",375,"ham","medium"
"19/08/20","12.25",382,"ham","medium"
"19/08/20","12.25",385,"ham","medium"
"19/08/20","12.25",211,"ham","medium"
"19/08/20","12.25",289,"ham","medium"
"19/08/20","12.25",313,"ham","medium"
"19/08/20","12.25",325,"ham","medium"
"19/08/20","12.25",373,"ham","medium"
"19/08/20","12.25",411,"ham","medium"
"26/06/20","12.25",348,"ham","medium"
"26/06/20","12.25",349,"ham","medium"
"26/06/20","12.25",390,"ham","medium"
"26/06/20","12.25",406,"ham","medium"
"26/06/20","12.25",412,"ham","medium"
"26/06/20","12.25",416,"ham","medium"
"26/06/20","12.25",430,"ham","medium"
"26/06/20","12.25",433,"ham","medium"
"26/06/20","12.25",442,"ham","medium"
"26/06/20","12.25",452,"ham","medium"
"26/06/20","12.25",454,"ham","medium"
"26/06/20","12.25",357,"ham","medium"
"26/06/20","12.25",376,"ham","medium"
"02/12/18","12.5",345,"ham","medium"
"02/12/18","12.5",345,"ham","medium"
"02/12/18","12.5",347,"ham","medium"
"02/12/18","12.5",367,"ham","medium"
"02/12/18","12.5",363,"ham","medium"
"02/12/18","12.5",368,"ham","medium"
"02/12/18","12.5",388,"ham","medium"
"02/12/18","12.5",406,"ham","medium"
"02/12/18","12.5",417,"ham","medium"
"02/12/18","12.5",421,"ham","medium"
"2/13/2018","12.5",411,"ham","medium"
"2/13/2018","12.5",424,"ham","medium"
"2/13/2018","12.5",426,"ham","medium"
"2/13/2018","12.5",479,"ham","medium"
"2/13/2018","12.5",481,"ham","medium"
"2/13/2018","12.5",554,"ham","medium"
"03/05/18","12.5",349,"ham","medium"
"03/05/18","12.5",357,"ham","medium"
"03/05/18","12.5",355,"ham","medium"
"03/05/18","12.5",359,"ham","medium"
"03/05/18","12.5",373,"ham","medium"
"03/05/18","12.5",384,"ham","medium"
"03/05/18","12.5",392,"ham","medium"
"03/05/18","12.5",391,"ham","medium"
"03/05/18","12.5",396,"ham","medium"
"03/05/18","12.5",406,"ham","medium"
"03/05/18","12.5",430,"ham","medium"
"03/05/18","12.5",433,"ham","medium"
"04/12/19",13,157,"ham","medium"
"04/12/19",13,187,"ham","medium"
"04/12/19",13,188,"ham","medium"
"04/12/19",13,210,"ham","medium"
"04/12/19",13,215,"ham","medium"
"04/12/19",13,222,"ham","medium"
"04/12/19",13,225,"ham","medium"
"04/12/19",13,234,"ham","medium"
"04/12/19",13,237,"ham","medium"
"04/12/19",13,265,"ham","medium"
"05/29/2019",13,440,"ham","medium"
"05/29/2019",13,461,"ham","medium"
"05/29/2019",13,502,"ham","medium"
"05/29/2019",13,574,"ham","medium"
"05/29/2019",13,532,"ham","medium"
"05/29/2019",13,536,"ham","medium"
"05/29/2019",13,561,"ham","medium"
"05/29/2019",13,564,"ham","medium"
"09/10/19",13,388,"ham","medium"
"09/10/19",13,417,"ham","medium"
"09/10/19",13,535,"ham","medium"
"09/10/19",13,587,"ham","medium"
"09/10/19",13,645,"ham","medium"
"03/07/20","13.25",705,"ham","medium"
"03/07/20","13.25",715,"ham","medium"
"03/07/20","13.25",742,"ham","medium"
"03/07/20","13.25",759,"ham","medium"
"03/07/20","13.25",790,"ham","medium"
"03/07/20","13.25",814,"ham","medium"
"03/07/20","13.25",820,"ham","medium"
"03/07/20","13.25",830,"ham","medium"
"03/07/20","13.25",854,"ham","medium"
"03/07/20","13.25",856,"ham","medium"
"03/07/20","13.25",858,"ham","medium"
"03/07/20","13.25",881,"ham","medium"
"03/07/20","13.25",915,"ham","medium"
"03/07/20","13.25",941,"ham","medium"
"03/07/20","13.25",995,"ham","medium"
"11/08/20","13.25",549,"ham","medium"
"11/08/20","13.25",603,"ham","medium"
"11/08/20","13.25",638,"ham","medium"
"11/08/20","13.25",657,"ham","medium"
"11/08/20","13.25",659,"ham","medium"
"11/08/20","13.25",688,"ham","medium"
"11/08/20","13.25",714,"ham","medium"
"11/08/20","13.25",722,"ham","medium"
"11/08/20","13.25",780,"ham","medium"
"11/08/20","13.25",800,"ham","medium"
"11/08/20","13.25",792,"ham","medium"
"11/08/20","13.25",793,"ham","medium"
"11/08/20","13.25",798,"ham","medium"
"11/08/20","13.25",920,"ham","medium"
"20/08/20","13.25",744,"ham","medium"
"20/08/20","13.25",744,"ham","medium"
"20/08/20","13.25",779,"ham","medium"
"20/08/20","13.25",790,"ham","medium"
"20/08/20","13.25",854,"ham","medium"
"20/08/20","13.25",877,"ham","medium"
"20/08/20","13.25",570,"ham","medium"
"20/08/20","13.25",648,"ham","medium"
"20/08/20","13.25",823,"ham","medium"
"20/08/20","13.25",1017,"ham","medium"
"2/14/2018","13.5",795,"ham","medium"
"2/14/2018","13.5",807,"ham","medium"
"2/14/2018","13.5",857,"ham","medium"
"2/14/2018","13.5",896,"ham","medium"
"2/14/2018","13.5",924,"ham","medium"
"2/14/2018","13.5",973,"ham","medium"
"2/14/2018","13.5",984,"ham","medium"
"2/14/2018","13.5",989,"ham","medium"
"2/14/2018","13.5",1033,"ham","medium"
"2/14/2018","13.5",1060,"ham","medium"
"2/14/2018","13.5",1062,"ham","medium"
"2/14/2018","13.5",1100,"ham","medium"
"2/14/2018","13.5",1129,"ham","medium"
"2/21/2018","13.5",902,"ham","medium"
"2/21/2018","13.5",922,"ham","medium"
"2/21/2018","13.5",955,"ham","medium"
"2/21/2018","13.5",990,"ham","medium"
"2/21/2018","13.5",1041,"ham","medium"
"2/21/2018","13.5",1056,"ham","medium"
"2/21/2018","13.5",1123,"ham","medium"
"5/17/2018","13.5",920,"ham","medium"
"5/17/2018","13.5",936,"ham","medium"
"5/17/2018","13.5",968,"ham","medium"
"5/17/2018","13.5",1006,"ham","medium"
"5/17/2018","13.5",1056,"ham","medium"
"5/28/2018","13.5",417,"ham","medium"
"5/28/2018","13.5",749,"ham","medium"
"5/28/2018","13.5",847,"ham","medium"
"5/28/2018","13.5",861,"ham","medium"
"5/28/2018","13.5",961,"ham","medium"
"5/28/2018","13.5",988,"ham","medium"
"5/28/2018","13.5",1098,"ham","medium"
"5/30/2018","14.5",1111,"ham","medium"
"5/30/2018","14.5",1130,"ham","medium"
"5/30/2018","14.5",1168,"ham","medium"
"5/30/2018","14.5",1168,"ham","medium"
"5/30/2018","14.5",1248,"ham","medium"
"5/30/2018","14.5",1272,"ham","medium"
"5/30/2018","14.5",1468,"ham","medium"
"5/30/2018","14.5",1498,"ham","medium"
"5/30/2018","14.5",1679,"ham","medium"
"5/30/2018","14.5",1697,"ham","medium"
"10/21/2018",15,665,"ham","medium"
"10/21/2018",15,805,"ham","medium"
"10/21/2018",15,807,"ham","medium"
"10/21/2018",15,832,"ham","medium"
"10/21/2018",15,1017,"ham","medium"
"10/21/2018",15,1115,"ham","medium"
"08/11/17","23.5",450,"aco","medium"
"08/11/17","23.5",465,"aco","medium"
"09/04/17","24.5",861,"aco","medium"
"09/04/17","24.5",878,"aco","medium"
"09/04/17","24.5",935,"aco","medium"
"9/14/2017",23,470,"aco","medium"
"9/14/2017",23,500,"aco","medium"
"10/09/17",26,1635,"aco","medium"
"10/09/17",26,1680,"aco","medium"
"10/11/17","21.5",320,"aco","medium"
"10/11/17","21.5",322,"aco","medium"
"10/11/17","21.5",454,"aco","medium"
"10/11/17","21.5",478,"aco","medium"
"10/11/17","21.5",483,"aco","medium"
"10/16/2017","23.5",774,"aco","medium"
"11/13/2017","25.5",1244,"aco","medium"
"11/13/2017","25.5",1272,"aco","medium"
"12/04/17","24.5",852,"aco","medium"
"12/04/17","24.5",883,"aco","medium"
"12/04/17","24.5",970,"aco","medium"
"12/06/17",21,456,"aco","medium"
"12/08/17","20.5",336,"aco","medium"
"12/08/17","20.5",338,"aco","medium"
"12/08/17","20.5",367,"aco","medium"
"12/15/2017","21.5",430,"aco","medium"
"12/15/2017",22,506,"aco","medium"
"12/15/2017",22,572,"aco","medium"
"5/25/2018",22,348,"aco","medium"
"5/25/2018",22,369,"aco","medium"
"5/25/2018",22,381,"aco","medium"
"5/30/2018",22,503,"aco","medium"
"5/30/2018",22,512,"aco","medium"
"5/31/2018","22.5",430,"aco","medium"
"5/31/2018","22.5",482,"aco","medium"
"5/31/2018","22.5",493,"aco","medium"
"06/04/18","24.5",734,"aco","medium"
"06/04/18","24.5",776,"aco","medium"
"06/04/18",25,954,"aco","medium"
"06/04/18",25,982,"aco","medium"
"06/04/18",25,1016,"aco","medium"
"6/22/2018","21.5",467,"aco","medium"
"6/22/2018","21.5",488,"aco","medium"
"6/22/2018","21.5",510,"aco","medium"
"02/08/19","22.5",680,"aco","medium"
"07/10/19","23.5",601,"aco","medium"
"12/07/19","21.5",414,"aco","medium"
"12/07/19","21.5",437,"aco","medium"
"12/07/19","23.5",858,"aco","medium"
"12/07/19","23.5",865,"aco","medium"
"12/12/19","22.5",481,"aco","medium"
"12/12/19","22.5",554,"aco","medium"
"12/12/19","22.5",616,"aco","medium"
"02/07/20","22.5",568,"aco","medium"
"02/07/20","22.5",592,"aco","medium"
"04/08/20","25.5",1234,"aco","medium"
"04/08/20","25.5",1253,"aco","medium"
"04/08/20","25.5",1257,"aco","medium"
"07/08/20","23.5",712,"aco","medium"
"07/08/20","23.5",826,"aco","medium"
"07/08/20","23.5",828,"aco","medium"
"15/07/20","21.5",480,"aco","medium"
"15/07/20","21.5",519,"aco","medium"
"15/07/20","21.5",520,"aco","medium"
"17/07/20","21.5",358,"aco","medium"
"17/07/20","21.5",376,"aco","medium"
"18/10/19",23,686,"aco","medium"
"18/10/19",23,728,"aco","medium"
"20-08-2020 1 femelle ","22.5",543,"aco","medium"
"20-08-2020 1 femelle ","22.5",573,"aco","medium"
"20-08-2020 1 femelle ","22.5",613,"aco","medium"
"27/07/20-femelle1 (faite en dernier)","26.5",1450,"aco","medium"
"27/07/20-femelle1 (faite en dernier)","26.5",1464,"aco","medium"
"27/07/20-femelle1 (faite en quatrime)","26.5",1132,"aco","medium"
"27/07/20-femelle1 (faite en quatrime)","26.5",1256,"aco","medium"
"27/07/20-femelle1 (faite en quatrime)","26.5",1431,"aco","medium"
"27/07/20-femelle3 (faite en troisime)","24.5",972,"aco","medium"
"27/07/20-femelle3 (faite en troisime)","24.5",1048,"aco","medium"
"27/07/20-femelle4 (faite en second)","24.5",849,"aco","medium"
"27/07/20-femelle5 (faite en premier)","24.5",743,"aco","medium"
"27/07/20-femelle5 (faite en premier)","24.5",821,"aco","medium"
"29/07/19","24.5",1014,"aco","medium"
"29/07/19","24.5",1023,"aco","medium"
"28/08/20","21.5",416,"aco","medium"
"28/08/20","21.5",416,"aco","medium"
"28/08/20","21.5",422,"aco","medium"
"14/09/20","24.5",772,"aco","medium"
"14/09/20","24.5",1044,"aco","medium"
"24/06/20","20.5",658,"ger","medium"
"24/06/20","20.5",661,"ger","medium"
"24/06/20","20.5",695,"ger","medium"
"24/06/20","20.5",600,"ger","medium"
"24/06/20","20.5",602,"ger","medium"
"24/06/20","20.5",724,"ger","medium"
"24/06/20","21.5",967,"ger","medium"
"24/06/20","21.5",988,"ger","medium"
"24/06/20","21.5",1067,"ger","medium"
"24/06/20","21.5",1094,"ger","medium"
"24/06/20","21.5",1007,"ger","medium"
"24/06/20","21.5",967,"ger","medium"
"18/08/20","20.5",577,"ger","medium"
"18/08/20","20.5",615,"ger","medium"
"18/08/20","20.5",618,"ger","medium"
"18/08/20","20.5",646,"ger","medium"
"18/08/20","20.5",657,"ger","medium"
"18/08/20","21.5",781,"ger","medium"
"18/08/20","21.5",824,"ger","medium"
"18/08/20","21.5",856,"ger","medium"
"18/08/20","21.5",1099,"ger","medium"
"01/09/20","20.5",530,"ger","medium"
"01/09/20","20.5",667,"ger","medium"
"01/09/20","20.5",676,"ger","medium"
"01/09/20","20.5",615,"ger","medium"
"01/09/20","20.5",626,"ger","medium"
"01/09/20","20.5",700,"ger","medium"
"01/09/20","20.5",703,"ger","medium"
"01/09/20","20.5",434,"ger","medium"
"07/09/20","20.5",610,"ger","medium"
"07/09/20","20.5",629,"ger","medium"
"07/09/20","20.5",631,"ger","medium"
"07/09/20","20.5",639,"ger","medium"
"07/09/20","20.5",733,"ger","medium"
"07/09/20","20.5",671,"ger","medium"
"07/09/20","20.5",529,"ger","medium"
"07/09/20","20.5",550,"ger","medium"
"2/27/2018","15.0",314,"mus","medium"
"2/27/2018","15.0",421,"mus","medium"
"2/27/2018","15.0",330,"mus","medium"
"2/27/2018","15.0",381,"mus","medium"
"2/27/2018","15.0",351,"mus","medium"
"2/27/2018","15.0",355,"mus","medium"
"2/27/2018","15.0",406,"mus","medium"
"2/27/2018","15.0",405,"mus","medium"
"2/27/2018","15.0",387,"mus","medium"
"2/27/2018","15.0",390,"mus","medium"
"2/27/2018","15.0",389,"mus","medium"
"2/27/2018","15.0",362,"mus","medium"
"2/27/2018","15.0",362,"mus","medium"
"2/27/2018","15.0",364,"mus","medium"
"2/27/2018","15.0",364,"mus","medium"
"2/27/2018","15.0",367,"mus","medium"
"03/07/18","15.0",355,"mus","medium"
"03/07/18","15.0",360,"mus","medium"
"03/07/18","15.0",364,"mus","medium"
"03/07/18","15.0",369,"mus","medium"
"03/07/18","15.0",376,"mus","medium"
"03/07/18","15.0",387,"mus","medium"
"03/07/18","15.0",383,"mus","medium"
"03/07/18","15.0",396,"mus","medium"
"03/07/18","15.0",408,"mus","medium"
"03/07/18","15.0",341,"mus","medium"
"03/07/18","15.0",341,"mus","medium"
"03/07/18","15.0",347,"mus","medium"
"03/07/18","15.0",345,"mus","medium"
"03/07/18","15.0",341,"mus","medium"
"03/09/18","16.0",567,"mus","medium"
"03/09/18","16.0",596,"mus","medium"
"03/09/18","16.0",612,"mus","medium"
"03/09/18","16.0",615,"mus","medium"
"03/09/18","16.0",623,"mus","medium"
"03/09/18","16.0",624,"mus","medium"
"03/09/18","16.0",632,"mus","medium"
"03/09/18","16.0",635,"mus","medium"
"03/09/18","16.0",519,"mus","medium"
"03/09/18","16.0",539,"mus","medium"
"03/09/18","16.0",453,"mus","medium"
"3/15/2018","16.0",300,"mus","medium"
"3/15/2018","16.0",297,"mus","medium"
"3/15/2018","16.0",355,"mus","medium"
"3/15/2018","16.0",331,"mus","medium"
"3/15/2018","16.0",332,"mus","medium"
"3/15/2018","16.0",326,"mus","medium"
"3/15/2018","16.0",329,"mus","medium"
"3/15/2018","16.0",310,"mus","medium"
"3/15/2018","16.0",310,"mus","medium"
"3/15/2018","16.0",315,"mus","medium"
"3/15/2018","16.0",316,"mus","medium"
"3/15/2018","16.0",317,"mus","medium"
"3/15/2018","16.0",340,"mus","medium"
"3/15/2018","16.0",340,"mus","medium"
"3/15/2018","16.0",293,"mus","medium"
"3/23/2018","17.0",878,"mus","medium"
"3/23/2018","17.0",879,"mus","medium"
"3/23/2018","17.0",870,"mus","medium"
"3/23/2018","17.0",777,"mus","medium"
"3/23/2018","17.0",773,"mus","medium"
"3/23/2018","17.0",779,"mus","medium"
"3/23/2018","17.0",808,"mus","medium"
"3/23/2018","17.0",806,"mus","medium"
"3/23/2018","17.0",854,"mus","medium"
"3/23/2018","17.0",854,"mus","medium"
"3/23/2018","17.0",750,"mus","medium"
"3/23/2018","17.0",744,"mus","medium"
"3/23/2018","17.0",733,"mus","medium"
"3/23/2018","17.0",711,"mus","medium"
"3/23/2018","17.0",825,"mus","medium"
"3/23/2018","17.0",842,"mus","medium"
"3/23/2018","17.0",761,"mus","medium"
"06/08/18","16.0",539,"mus","medium"
"06/08/18","16.0",506,"mus","medium"
"06/08/18","16.0",498,"mus","medium"
"06/08/18","16.0",499,"mus","medium"
"06/08/18","16.0",570,"mus","medium"
"06/08/18","16.0",573,"mus","medium"
"06/08/18","16.0",575,"mus","medium"
"06/08/18","16.0",577,"mus","medium"
"06/08/18","16.0",549,"mus","medium"
"06/08/18","16.0",553,"mus","medium"
"06/08/18","16.0",557,"mus","medium"
"06/08/18","16.0",528,"mus","medium"
"06/08/18","16.0",532,"mus","medium"
"06/08/18","16.0",516,"mus","medium"
"6/14/2018","15.0",341,"mus","medium"
"6/14/2018","15.0",345,"mus","medium"
"6/14/2018","15.0",395,"mus","medium"
"6/14/2018","15.0",396,"mus","medium"
"6/14/2018","15.0",373,"mus","medium"
"6/14/2018","15.0",373,"mus","medium"
"6/14/2018","15.0",375,"mus","medium"
"6/14/2018","15.0",379,"mus","medium"
"6/14/2018","15.0",382,"mus","medium"
"6/14/2018","15.0",384,"mus","medium"
"6/14/2018","15.0",377,"mus","medium"
"6/14/2018","15.0",404,"mus","medium"
"6/15/2018","15.5",470,"mus","medium"
"6/15/2018","15.5",490,"mus","medium"
"6/15/2018","15.5",494,"mus","medium"
"6/15/2018","15.5",450,"mus","medium"
"6/15/2018","15.5",459,"mus","medium"
"6/15/2018","15.5",428,"mus","medium"
"6/15/2018","15.5",417,"mus","medium"
"6/15/2018","15.5",393,"mus","medium"
"6/15/2018","15.5",403,"mus","medium"
"6/15/2018","15.5",344,"mus","medium"
"6/15/2018","15.5",323,"mus","medium"
"7/13/2018",17,782,"mus","medium"
"7/13/2018",17,825,"mus","medium"
"7/13/2018",17,825,"mus","medium"
"7/13/2018",17,853,"mus","medium"
"7/13/2018",17,871,"mus","medium"
"7/13/2018",17,890,"mus","medium"
"7/13/2018",17,894,"mus","medium"
"7/13/2018",17,923,"mus","medium"
"7/13/2018",17,935,"mus","medium"
"7/13/2018",17,974,"mus","medium"
"7/13/2018",17,1018,"mus","medium"
"7/13/2018",17,1030,"mus","medium"
"7/27/2018","14.5",330,"mus","medium"
"7/27/2018","14.5",343,"mus","medium"
"7/27/2018","14.5",360,"mus","medium"
"7/27/2018","14.5",383,"mus","medium"
"7/27/2018","14.5",390,"mus","medium"
"7/27/2018","14.5",392,"mus","medium"
"7/27/2018","14.5",391,"mus","medium"
"7/27/2018","14.5",393,"mus","medium"
"7/27/2018","14.5",403,"mus","medium"
"7/27/2018","14.5",403,"mus","medium"
"7/27/2018","14.5",405,"mus","medium"
"7/27/2018","14.5",406,"mus","medium"
"7/27/2018","14.5",407,"mus","medium"
"7/27/2018","14.5",411,"mus","medium"
"7/27/2018","14.5",412,"mus","medium"
"7/27/2018","14.5",412,"mus","medium"
"7/27/2018","14.5",435,"mus","medium"
"10/08/18","18.5",1075,"mus","medium"
"10/08/18","18.5",1272,"mus","medium"
"10/08/18","18.5",1280,"mus","medium"
"10/08/18","18.5",1298,"mus","medium"
"10/08/18","18.5",1330,"mus","medium"
"10/08/18","18.5",1357,"mus","medium"
"10/08/18","18.5",1360,"mus","medium"
"10/08/18","18.5",1417,"mus","medium"
"10/08/18","18.5",1427,"mus","medium"
"10/08/18","18.5",1430,"mus","medium"
"10/08/18","18.5",1480,"mus","medium"
"10/08/18","18.5",1485,"mus","medium"
"10/08/18","18.5",1493,"mus","medium"
"10/08/18","18.5",1676,"mus","medium"
"10/16/2018","14.5",167,"mus","medium"
"10/16/2018","14.5",200,"mus","medium"
"10/16/2018","14.5",201,"mus","medium"
"10/16/2018","14.5",218,"mus","medium"
"10/16/2018","14.5",229,"mus","medium"
"10/16/2018","14.5",230,"mus","medium"
"10/16/2018","14.5",245,"mus","medium"
"10/16/2018","14.5",250,"mus","medium"
"10/16/2018","14.5",254,"mus","medium"
"10/16/2018","14.5",263,"mus","medium"
"10/16/2018","14.5",264,"mus","medium"
"10/16/2018","14.5",267,"mus","medium"
"10/12/18","17.5",1087,"mus","medium"
"10/12/18","17.5",1251,"mus","medium"
"10/12/18","17.5",1256,"mus","medium"
"10/12/18","17.5",1292,"mus","medium"
"10/12/18","17.5",1333,"mus","medium"
"10/12/18","17.5",1340,"mus","medium"
"10/12/18","17.5",1400,"mus","medium"
"02/05/19","11.5",50,"mus","medium"
"02/05/19","11.5",55,"mus","medium"
"02/05/19","11.5",53,"mus","medium"
"02/05/19","11.5",56,"mus","medium"
"02/05/19","11.5",64,"mus","medium"
"02/05/19","11.5",67,"mus","medium"
"02/05/19","11.5",59,"mus","medium"
"04/04/19","19.5",1923,"mus","medium"
"03/19/2019","12.5",98,"mus","medium"
"03/19/2019","12.5",94,"mus","medium"
"03/19/2019","12.5",110,"mus","medium"
"03/19/2019","12.5",115,"mus","medium"
"03/19/2019","12.5",102,"mus","medium"
"03/19/2019","12.5",102,"mus","medium"
"03/19/2019","12.5",80,"mus","medium"
"03/19/2019","12.5",85,"mus","medium"
"03/19/2019","12.5",98,"mus","medium"
"03/19/2019","12.5",94,"mus","medium"
"01/04/19","19.5",1800,"mus","medium"
"01/04/19","19.5",1807,"mus","medium"
"01/04/19","19.5",1705,"mus","medium"
"01/04/19","19.5",1835,"mus","medium"
"01/04/19","19.5",2039,"mus","medium"
"01/04/19","19.5",1858,"mus","medium"
"01/04/19","19.5",1938,"mus","medium"
"01/04/19","19.5",1916,"mus","medium"
"01/04/19","19.5",1840,"mus","medium"
"01/04/19","19.5",2000,"mus","medium"
"01/04/19","19.5",1866,"mus","medium"
"01/04/19","19.5",1876,"mus","medium"
"01/04/19","19.5",1923,"mus","medium"
"02/04/19","13.5",153,"mus","medium"
"02/04/19","13.5",154,"mus","medium"
"02/04/19","13.5",156,"mus","medium"
"02/04/19","13.5",170,"mus","medium"
"02/04/19","13.5",174,"mus","medium"
"02/04/19","13.5",160,"mus","medium"
"02/04/19","13.5",163,"mus","medium"
"02/04/19","13.5",131,"mus","medium"
"02/04/19","13.5",134,"mus","medium"
"02/04/19","13.5",137,"mus","medium"
"24/01/20","14.5",293,"mus","medium"
"24/01/20","14.5","293.5","mus","medium"
"24/01/20","14.5",302,"mus","medium"
"24/01/20","14.5",303,"mus","medium"
"24/01/20","14.5",307,"mus","medium"
"24/01/20","14.5",276,"mus","medium"
"24/01/20","14.5",313,"mus","medium"
"24/01/20","14.5",321,"mus","medium"
"24/01/20","14.5",326,"mus","medium"
"24/01/20","14.5",338,"mus","medium"
"24/01/20","14.5",332,"mus","medium"
"24/01/20","14.5",345,"mus","medium"
"06/02/20","14.5",268,"mus","medium"
"06/02/20","14.5",268,"mus","medium"
"06/02/20","14.5",305,"mus","medium"
"06/02/20","14.5",305,"mus","medium"
"06/02/20","14.5",301,"mus","medium"
"06/02/20","14.5",301,"mus","medium"
"06/02/20","14.5",286,"mus","medium"
"06/02/20","14.5",287,"mus","medium"
"06/02/20","14.5",291,"mus","medium"
"06/02/20","14.5",291,"mus","medium"
"06/02/20","14.5",291,"mus","medium"
"06/02/20","14.5",314,"mus","medium"
"06/02/20","14.5",321,"mus","medium"
"06/02/20","14.5",332,"mus","medium"
"12/02/20","15.5",442,"mus","medium"
"12/02/20","15.5",450,"mus","medium"
"12/02/20","15.5",458,"mus","medium"
"12/02/20","15.5",462,"mus","medium"
"12/02/20","15.5",462,"mus","medium"
"12/02/20","15.5",428,"mus","medium"
"12/02/20","15.5",428,"mus","medium"
"12/02/20","15.5",431,"mus","medium"
"12/02/20","15.5",434,"mus","medium"
"12/02/20","15.5",475,"mus","medium"
"12/02/20","15.5",507,"mus","medium"
"12/02/20","15.5",573,"mus","medium"
"13/02/20","14.5",270,"mus","medium"
"13/02/20","14.5",274,"mus","medium"
"13/02/20","14.5",287,"mus","medium"
"13/02/20","14.5",288,"mus","medium"
"13/02/20","14.5",296,"mus","medium"
"13/02/20","14.5",297,"mus","medium"
"13/02/20","14.5",317,"mus","medium"
"13/02/20","14.5",326,"mus","medium"
"13/02/20","14.5",263,"mus","medium"
"13/02/20","14.5",308,"mus","medium"
"05/03/20","15.5",664,"mus","medium"
"05/03/20","15.5",666,"mus","medium"
"05/03/20","15.5",558,"mus","medium"
"05/03/20","15.5",565,"mus","medium"
"05/03/20","15.5",683,"mus","medium"
"05/03/20","15.5",584,"mus","medium"
"05/03/20","15.5",648,"mus","medium"
"04/09/20","14.5",325,"mus","ask_sophie(14.5( limite 15.0) )"
"04/09/20","14.5",343,"mus","ask_sophie(14.5( limite 15.0) )"
"04/09/20","14.5",372,"mus","ask_sophie(14.5( limite 15.0) )"
"04/09/20","14.5",284,"mus","ask_sophie(14.5( limite 15.0) )"
"04/09/20","14.5",292,"mus","ask_sophie(14.5( limite 15.0) )"
"04/09/20","14.5",298,"mus","ask_sophie(14.5( limite 15.0) )"
"04/09/20","14.5",302,"mus","ask_sophie(14.5( limite 15.0) )"
"04/09/20","14.5",303,"mus","ask_sophie(14.5( limite 15.0) )"
"04/09/20","14.5",307,"mus","ask_sophie(14.5( limite 15.0) )"
"04/09/20","14.5",312,"mus","ask_sophie(14.5( limite 15.0) )"
"04/09/20","14.5",328,"mus","ask_sophie(14.5( limite 15.0) )"
"04/09/20","14.5",332,"mus","ask_sophie(14.5( limite 15.0) )"
"04/09/20","14.5",339,"mus","ask_sophie(14.5( limite 15.0) )"
"11/09/20","14.5",261,"mus","medium"
"11/09/20","14.5",261,"mus","medium"
"11/09/20","14.5",279,"mus","medium"
"11/09/20","14.5",279,"mus","medium"
"11/09/20","14.5",301,"mus","medium"
"11/09/20","14.5",303,"mus","medium"
"11/09/20","14.5",233,"mus","medium"
"11/09/20","14.5",274,"mus","medium"
"11/09/20","14.5",307,"mus","medium"
"11/09/20","14.5",324,"mus","medium"
"11/09/20","14.5",330,"mus","medium"
"11/09/20","14.5",337,"mus","medium"
"18/09/20","15.5",488,"mus","medium"
"18/09/20","15.5",490,"mus","medium"
"18/09/20","15.5",500,"mus","medium"
"18/09/20","15.5",500,"mus","medium"
"18/09/20","15.5",519,"mus","medium"
"18/09/20","15.5",520,"mus","medium"
"18/09/20","15.5",424,"mus","medium"
"18/09/20","15.5",432,"mus","medium"
"18/09/20","15.5",467,"mus","medium"
"18/09/20","15.5",493,"mus","medium"
"18/09/20","15.5",493,"mus","medium"
"18/09/20","15.5",502,"mus","medium"
"29/08/2013","23.5",2281,"ger","high"
"29/08/2013","23.5",2517,"ger","high"
"29/08/2013","23.5",2852,"ger","high"
"29/08/2013","23.5",2847,"ger","high"
"29/08/2013","23.5",2860,"ger","high"
"12/09/2013","22.5",1161,"ger","high"
"12/09/2013","22.5",1242,"ger","high"
"12/09/2013","22.5",1398,"ger","high"
"12/09/2013","22.5",1453,"ger","high"
"12/09/2013","22.5",1480,"ger","high"
"12/09/2013","22.5",1606,"ger","high"
"12/09/2013","22.5",1447,"ger","high"
"29/10/2013","19.5",700,"ger","high"
"29/10/2013","19.5",722,"ger","high"
"29/10/2013","19.5",771,"ger","high"
"29/10/2013","19.5",775,"ger","high"
"29/10/2013","19.5",734,"ger","high"
"29/10/2013","19.5",737,"ger","high"
"29/10/2013","19.5",825,"ger","high"
"29/11/2013","21.5",1427,"ger","high"
"29/11/2013","21.5",972,"ger","high"
"29/11/2013","21.5",1468,"ger","high"
"29/11/2013","21.5",1544,"ger","high"
"29/11/2013","21.5",1601,"ger","high"
"29/11/2013","21.5",1668,"ger","high"
"24/03/2014","19.5",809,"ger","high"
"24/03/2014","19.5",805,"ger","high"
"24/03/2014","19.5",797,"ger","high"
"24/03/2014","19.5",668,"ger","high"
"24/03/2014","19.5",722,"ger","high"
"24/03/2014","19.5",757,"ger","high"
"24/03/2014","19.5",781,"ger","high"
"27/03/2014","20.5",752,"ger","high"
"27/03/2014","20.5",972,"ger","high"
"28/03/2014","21.5",1444,"ger","high"
"28/03/2014","21.5",1481,"ger","high"
"10/07/2014","20.5",628,"ger","high"
"10/07/2014","20.5",899,"ger","high"
"10/07/2014","20.5",903,"ger","high"
"10/07/2014","20.5",966,"ger","high"
"10/07/2014","20.5",1028,"ger","high"
"10/07/2014",22,1303,"ger","high"
"10/07/2014",22,1561,"ger","high"
"20/01/2015",22,646,"ger","high"
"20/01/2015",22,832,"ger","high"
"20/01/2015",22,836,"ger","high"
"20/01/2015",22,934,"ger","high"
"20/01/2015",22,938,"ger","high"
"20/01/2015",22,984,"ger","high"
"20/01/2015",22,999,"ger","high"
"20/01/2015","21.5",1313,"ger","high"
"20/01/2015","21.5",1313,"ger","high"
"20/01/2015","21.5",1378,"ger","high"
"20/01/2015","21.5",1378,"ger","high"
"20/01/2015","21.5",1556,"ger","high"
"20/01/2015","21.5",1700,"ger","high"
"02/02/2015",21,710,"ger","high"
"02/02/2015",21,770,"ger","high"
"02/02/2015",21,799,"ger","high"
"02/02/2015",21,916,"ger","high"
"02/09/2015",21,681,"ger","high"
"02/09/2015",21,694,"ger","high"
"02/09/2015",21,715,"ger","high"
"24/03/2015",19,326,"ger","high"
"24/03/2015",19,328,"ger","high"
"24/03/2015",19,370,"ger","high"
"24/03/2015",19,413,"ger","high"
"24/03/2015",19,414,"ger","high"
"24/03/2015",19,452,"ger","high"
"21/04/2015",21,660,"ger","high"
"13/05/2015",21,580,"ger","high"
"13/05/2015",21,590,"ger","high"
"13/05/2015",21,788,"ger","high"
"13/05/2015",21,951,"ger","high"
"13/05/2015",21,1105,"ger","high"
"13/05/2015",21,1111,"ger","high"
"13/05/2015",21,1180,"ger","high"
"30/06/2015",22,1092,"ger","high"
"30/06/2015",22,1158,"ger","high"
"30/06/2015",22,1210,"ger","high"
"27/07/2015",21,1035,"ger","high"
"27/07/2015",21,1040,"ger","high"
"27/07/2015",21,1041,"ger","high"
"27/07/2015",21,1072,"ger","high"
"27/07/2015",21,1076,"ger","high"
"13/08/2015",22,700,"ger","high"
"13/08/2015",22,721,"ger","high"
"13/08/2015",22,856,"ger","high"
"13/08/2015",22,924,"ger","high"
"21/08/2015",23,2118,"ger","high"
"21/08/2015",23,2180,"ger","high"
"21/08/2015",23,2202,"ger","high"
"21/08/2015",23,2233,"ger","high"
"21/08/2015",23,2270,"ger","high"
"23/09/2015",23,988,"ger","high"
"23/09/2015",23,1131,"ger","high"
"17/11/2015","21.5",1240,"ger","high"
"17/11/2015","21.5",1433,"ger","high"
"17/11/2015","21.5",1453,"ger","high"
"17/11/2015","21.5",1471,"ger","high"
"17/11/2015","21.5",1490,"ger","high"
"17/11/2015","21.5",1576,"ger","high"
"17/11/2015","21.5",1698,"ger","high"
"10/05/2016",20,520,"ger","high"
"10/05/2016",20,565,"ger","high"
"10/05/2016",20,612,"ger","high"
"03/03/2020","20.5",634,"ger","medium"
"03/03/2020","20.5",638,"ger","medium"
"03/03/2020","20.5",693,"ger","medium"
"03/03/2020","20.5",742,"ger","medium"
"03/03/2020","20.5",755,"ger","medium"
"03/03/2020","20.5",666,"ger","medium"
"03/03/2020","20.5",715,"ger","medium"
"03/03/2020","20.5",723,"ger","medium"
"11/06/2020","22.5",1290,"ger","medium"
"11/06/2020","22.5",1332,"ger","medium"
"11/06/2020","22.5",1870,"ger","medium"
"11/06/2020","22.5",1787,"ger","medium"
"11/06/2020","22.5",1881,"ger","medium"
"11/06/2020","22.5",1883,"ger","medium"
"11/06/2020","22.5",1559,"ger","medium"
"11/06/2020","22.5",2280,"ger","medium"
"11/06/2020","22.5",1999,"ger","medium"
"11/06/2020","22.5",2005,"ger","medium"
"22/06/2020","20.5",658,"ger","medium"
"22/06/2020","20.5",661,"ger","medium"
"22/06/2020","20.5",695,"ger","medium"
"22/06/2020","20.5",600,"ger","medium"
"22/06/2020","20.5",602,"ger","medium"
"22/06/2020","20.5",724,"ger","medium"
"22/06/2020","21.5",967,"ger","medium"
"22/06/2020","21.5",988,"ger","medium"
"22/06/2020","21.5",1067,"ger","medium"
"22/06/2020","21.5",1094,"ger","medium"
"22/06/2020","21.5",1007,"ger","medium"
"22/06/2020","21.5",967,"ger","low"
"08/07/2020","21.5",1009,"ger","low"
"08/07/2020","21.5",1010,"ger","low"
"08/07/2020","21.5",1132,"ger","low"
"08/07/2020","21.5",1178,"ger","low"
"08/07/2020","21.5",1068,"ger","low"
"18/08/2020","19.5",577,"ger","medium"
"18/08/2020","19.5",615,"ger","medium"
"18/08/2020","19.5",618,"ger","medium"
"18/08/2020","19.5",646,"ger","medium"
"18/08/2020","19.5",657,"ger","medium"
"18/08/2020","20.5",781,"ger","medium"
"18/08/2020","20.5",824,"ger","medium"
"18/08/2020","20.5",856,"ger","medium"
"18/08/2020","20.5",1099,"ger","medium"
"01/09/2020","19.5",530,"ger","medium"
"01/09/2020","19.5",667,"ger","medium"
"01/09/2020","19.5",676,"ger","medium"
"01/09/2020","19.5",615,"ger","medium"
"01/09/2020","19.5",626,"ger","medium"
"01/09/2020","19.5",700,"ger","medium"
"01/09/2020","19.5",703,"ger","medium"
"01/09/2020","19.5",434,"ger","medium"
"07/09/2020","20.5",610,"ger","medium"
"07/09/2020","20.5",629,"ger","medium"
"07/09/2020","20.5",631,"ger","medium"
"07/09/2020","20.5",639,"ger","medium"
"07/09/2020","20.5",733,"ger","medium"
"07/09/2020","20.5",671,"ger","medium"
"07/09/2020","20.5",529,"ger","medium"
"07/09/2020","20.5",550,"ger","medium"
"13/05/2015",21,1105,"ger","high"
"13/05/2015",21,1111,"ger","high"
"13/05/2015",21,596,"ger","high"
"13/05/2015",21,788,"ger","high"
"13/05/2015",21,951,"ger","high"
"13/05/2015",21,1180,"ger","high"
"14/05/2015",21,1121,"ger","high"
"14/05/2015",21,1182,"ger","high"
"14/05/2015",21,856,"ger","high"
"30/06/2015",22,1158,"ger","high"
"30/06/2015",22,1144,"ger","high"
"30/06/2015",22,982,"ger","high"
"30/06/2015",22,1092,"ger","high"
"30/06/2015",22,1210,"ger","high"
"27/07/2015",21,1076,"ger","high"
"27/07/2015",21,1072,"ger","high"
"27/07/2015",21,1035,"ger","high"
"27/07/2015",21,1041,"ger","high"
"27/07/2015",21,1060,"ger","high"
"02/09/2015",21,694,"ger","high"
"02/09/2015",21,681,"ger","high"
"02/09/2015",21,715,"ger","high"
"17/11/2015","21.5",1471,"ger","high"
"17/11/2015","21.5",1490,"ger","high"
"17/11/2015","21.5",1240,"ger","high"
"17/11/2015","21.5",1576,"ger","high"
"17/11/2015","21.5",1453,"ger","high"
"17/11/2015","21.5",1698,"ger","high"
"17/11/2015","21.5",1433,"ger","high"
"11/05/2016",20,612,"ger","low"
"11/05/2016",20,565,"ger","low"
"11/05/2016",20,520,"ger","low"
"13/07/2016",23,1135,"ger","high"
"13/07/2016",23,1140,"ger","high"
"13/07/2016",23,1105,"ger","high"
"13/07/2016",23,1105,"ger","high"
"13/07/2016",23,1232,"ger","high"
"13/07/2016",23,1154,"ger","high"
"13/07/2016",23,1060,"ger","high"
"17/10/2016","19.5",955,"ger","medium"
"17/10/2016","19.5",963,"ger","medium"
"17/10/2016","19.5",880,"ger","medium"
"17/10/2016","19.5",1105,"ger","medium"
"17/10/2016","19.5",1014,"ger","medium"
"17/10/2016","19.5",1048,"ger","medium"
"18/10/2016","20.5",583,"ger","medium"
"18/10/2016","20.5",584,"ger","medium"
"18/10/2016","20.5",578,"ger","medium"
"18/10/2016","20.5",483,"ger","medium"
"18/10/2016","20.5",690,"ger","medium"
"18/10/2016","20.5",601,"ger","medium"
"18/10/2016","20.5",602,"ger","medium"
"18/10/2016","20.5",647,"ger","medium"
"18/10/2016","20.5",633,"ger","medium"
"18/10/2016","20.5",582,"ger","medium"
"18/10/2016","20.5",702,"ger","medium"
"18/10/2016","20.5",685,"ger","medium"
"18/10/2016","20.5",581,"ger","medium"
"18/10/2016","20.5",628,"ger","medium"
"18/10/2016","20.5",701,"ger","medium"
"19/10/2016","21.5",1949,"ger","medium"
"19/10/2016","21.5",1820,"ger","medium"
"19/10/2016","21.5",1778,"ger","medium"
"19/10/2016","21.5",1727,"ger","medium"
"19/10/2016","21.5",2005,"ger","medium"
"19/10/2016","21.5",1648,"ger","medium"
"19/10/2016","21.5",1774,"ger","medium"
"19/10/2016","21.5",1863,"ger","medium"
"21/10/2016","23.5",2654,"ger","medium"
"21/10/2016","23.5",2667,"ger","medium"
"21/10/2016","23.5",2440,"ger","medium"
"21/10/2016","23.5",2750,"ger","medium"
"21/10/2016","23.5",2895,"ger","medium"
"21/10/2016","23.5",2336,"ger","medium"
"21/10/2016","23.5",2460,"ger","medium"
"09/12/2016","22.5",1500,"ger","medium"
"09/12/2016","22.5",1541,"ger","medium"
"09/12/2016","22.5",1594,"ger","medium"
"09/12/2016","22.5",1330,"ger","medium"
"09/12/2016","22.5",1450,"ger","medium"
"09/12/2016","22.5",1423,"ger","medium"
"07/02/2017","20.5",887,"ger","medium"
"07/02/2017","20.5",930,"ger","medium"
"07/02/2017","20.5",1050,"ger","medium"
"07/02/2017","20.5",1026,"ger","medium"
"07/02/2017","20.5",738,"ger","medium"
"07/02/2017","20.5",980,"ger","medium"
"07/02/2017","20.5",706,"ger","medium"
"08/02/2017","21.5",902,"ger","medium"
"08/02/2017","21.5",899,"ger","medium"
"08/02/2017","21.5",963,"ger","medium"
"08/02/2017","21.5",743,"ger","medium"
"08/02/2017","21.5",968,"ger","medium"
"08/02/2017","21.5",936,"ger","medium"
"23/02/2017","23.5",2777,"ger","medium"
"23/02/2017","23.5",2545,"ger","medium"
"23/02/2017","23.5",2132,"ger","medium"
"23/02/2017","23.5",3467,"ger","medium"
"15-09-2020","19.5",640,"ger","medium"
"15-09-2020","19.5",705,"ger","medium"
"15-09-2020","19.5",763,"ger","medium"
"16-09-2020","19.5",2229,"ger","medium"
"16-09-2020","22.5",2211,"ger","medium"
"16-09-2020","22.5",2217,"ger","medium"
"16-09-2020","22.5",2042,"ger","medium"
"16-09-2020","22.5",2053,"ger","medium"
